abdomen,intestine,distended
abdomen,intestine,fetal
abdomen,intestine,maternal
abdomen,intestine,protuberant
abdomen,navel,distended
abdomen,navel,maternal
abdomen,waist,distended
abdomen,waist,protuberant
abdomen,waist,white
abscess,head,acute
aircraft,bay,commercial
aircraft,bay,japanese
aircraft,bay,light
aircraft,bay,white
aircraft,cabin,american
aircraft,cabin,white
aircraft,skeleton,light
aircraft,skeleton,white
aircraft,skin,american
aircraft,skin,commercial
aircraft,skin,german
aircraft,skin,japanese
aircraft,skin,light
aircraft,skin,white
airfield,apron,black
airfield,apron,brown
airfield,apron,old
airfield,apron,white
airfield,runway,black
airfield,runway,old
airfield,runway,private
airfield,runway,white
airplane,accelerator,commercial
airplane,accelerator,conventional
airplane,accelerator,light
airplane,galley,american
airplane,galley,light
airplane,hood,conventional
airplane,hood,light
airplane,hood,white
airplane,pod,commercial
airplane,pod,white
airplane,rudder,conventional
airport,apron,long
airport,apron,terminal
airship,car,german
airship,car,giant
airship,car,huge
airship,gondola,huge
airstrip,apron,gray
airstrip,apron,old
airstrip,apron,paved
airstrip,apron,rough
airstrip,apron,tiny
airstrip,runway,gray
airstrip,runway,old
airstrip,runway,paved
airstrip,runway,private
airstrip,runway,remote
airstrip,runway,rough
airstrip,runway,tiny
animal,skeleton,brown
animal,skeleton,human
animal,skeleton,poor
animal,skeleton,wild
animal,skeleton,young
ankle,anklebone,inner
anthology,work,comprehensive
anthology,work,critical
anthology,work,excellent
anthology,work,greek
anthology,work,useful
apartment,kitchenette,nice
apartment,kitchenette,tiny
apron,bib,black
apron,bib,blue
apron,bib,clean
apron,bib,long
apron,bib,red
apron,bib,white
aquarium,water,balanced
aquarium,water,cylindrical
aquarium,water,empty
aquarium,water,freshwater
aquarium,water,old
aquarium,water,public
aquarium,water,tropical
aqueduct,arch,ancient
aqueduct,arch,roman
aqueduct,arch,vestibular
arcade,arch,blind
arcade,arch,dental
arcade,arch,empty
arcade,arch,long
arcade,arch,open
arcade,arch,vascular
arm,forearm,broken
arm,forearm,long
arm,forearm,outstretched
arm,forearm,short
arm,forearm,strong
arm,wrist,broken
arm,wrist,long
arm,wrist,outstretched
arm,wrist,strong
army,armor,american
army,armor,british
army,armor,french
army,armor,german
army,soldier,american
army,soldier,british
army,soldier,french
army,soldier,german
arrow,shaft,black
arrow,shaft,curved
arrow,shaft,down
arrow,shaft,open
arrow,shaft,white
arrow,stick,black
arrow,stick,curved
arrow,stick,white
arrow,vane,curved
arrow,vane,open
arsenal,gun,american
arsenal,gun,federal
arsenal,gun,naval
arsenal,gun,soviet
art,decoration,ancient
art,decoration,contemporary
art,decoration,greek
artillery,cannon,british
artillery,cannon,french
artillery,cannon,german
artillery,cannon,heavy
artillery,cannon,light
artillery,stock,british
artillery,stock,french
artillery,stock,german
artillery,stock,heavy
artillery,stock,light
asbestos,silicon,platinized
asphalt,petroleum,black
asphalt,petroleum,cracked
asphalt,petroleum,hot
asphalt,petroleum,liquid
asphalt,petroleum,natural
atlas,map,giant
atlas,map,historical
atlas,map,old
auditorium,balcony,crowded
auditorium,balcony,dark
auditorium,balcony,empty
auditorium,balcony,high
auditorium,balcony,huge
auditorium,balcony,vast
auditorium,box,crowded
auditorium,box,dark
auditorium,box,empty
auditorium,box,high
auditorium,box,huge
auditorium,box,vast
automobile,axle,old
automobile,carburetor,old
automobile,dashboard,black
automobile,dashboard,old
automobile,dashboard,personal
automobile,engine,american
automobile,engine,black
automobile,engine,old
automobile,engine,personal
automobile,engine,private
automobile,engine,red
automobile,gear,american
automobile,gear,black
automobile,gear,old
automobile,gear,personal
automobile,gear,private
automobile,gear,red
automobile,gear,shiny
automobile,heater,old
automobile,radiator,black
automobile,radiator,old
automobile,seat,american
automobile,seat,black
automobile,seat,old
automobile,seat,personal
automobile,seat,private
automobile,seat,red
automobile,seat,shiny
automobile,seat,white
automobile,tire,old
automobile,tire,red
automobile,trunk,american
automobile,trunk,black
automobile,trunk,old
automobile,trunk,personal
automobile,trunk,private
automobile,trunk,red
automobile,trunk,white
automobile,windshield,black
ax,blade,heavy
ax,blade,sharp
backboard,basket,long
backboard,basket,red
backboard,basket,short
backboard,basket,standard
backboard,basket,white
backboard,basket,wooden
back,saddle,broad
back,saddle,dead
back,saddle,high
back,saddle,low
back,saddle,metal
back,saddle,plastic
back,saddle,red
back,saddle,wooden
back,small,dead
back,small,high
back,spine,broad
back,spine,high
back,spine,low
back,spine,plastic
back,spine,red
back,spine,wooden
bacon,meat,cold
bacon,meat,cooked
bacon,meat,crisp
bacon,meat,fat
bacon,meat,fried
bacon,meat,sliced
bag,clasp,black
bagel,flour,brown
bagel,flour,golden
bagel,flour,plain
bagel,flour,stale
bagel,flour,wheat
baggage,handle,black
baggage,handle,excess
baggage,handle,gray
baggage,handle,green
baggage,handle,heavy
baggage,strap,black
baggage,strap,green
baggage,strap,heavy
bagpipe,drone,old
baguette,flour,french
baguette,flour,fresh
baguette,flour,stale
balcony,bannister,wooden
balcony,box,black
balcony,box,high
balcony,box,narrow
balcony,box,open
balcony,box,private
balcony,box,white
balcony,box,wooden
ball,dance,blue
ball,dance,red
ball,dance,white
ball,dance,yellow
balloon,envelope,blue
balloon,envelope,deflated
balloon,envelope,green
balloon,envelope,hot
balloon,envelope,inflated
balloon,envelope,orange
balloon,envelope,red
balloon,envelope,white
bandage,gauze,black
bandage,gauze,red
bandage,gauze,thick
bandage,gauze,white
bank,vault,far
bank,vault,green
bank,vault,high
bannister,railing,black
bannister,railing,old
bannister,railing,ornate
bannister,railing,plain
bannister,railing,white
bannister,railing,wooden
barrel,breech,empty
barrel,hoop,empty
barrel,hoop,old
barrel,hoop,short
barrel,hoop,white
barrel,hoop,wooden
bath,log,heavy
bath,log,hot
bath,log,private
bathroom,washbasin,tiny
bathroom,washbasin,white
batter,flour,ready
batter,flour,smooth
batter,flour,stiff
batter,flour,thick
batter,flour,thin
batter,milk,ready
batter,milk,smooth
batter,milk,thick
batter,milk,thin
battery,artillery,powerful
battery,batter,white
battery,pitcher,green
battery,pitcher,powerful
battery,pitcher,white
battery,stamp,dead
battery,stamp,green
battery,stamp,powerful
battery,stamp,white
battery,terminal,dead
battery,terminal,green
battery,terminal,secondary
battery,terminal,white
bat,wing,black
bat,wing,metal
bat,wing,old
bat,wing,short
bat,wing,straight
bat,wing,white
bat,wing,wooden
bat,wing,yellow
beard,mustache,brown
beard,mustache,red
beard,mustache,short
beard,mustache,white
bed,bedstead,comfortable
bed,bedstead,narrow
bed,bedstead,wooden
bedding,blanket,clean
bedding,blanket,fresh
bedding,blanket,original
bedding,blanket,soiled
bedding,comforter,floral
bedding,mattress,clean
bedding,mattress,fresh
bedding,mattress,soiled
bedding,pillow,clean
bedding,pillow,fresh
bedding,pillow,soiled
bedstead,bedpost,old
bedstead,bedpost,wooden
bedstead,footboard,low
bedstead,footboard,narrow
bedstead,footboard,wooden
bedstead,headboard,low
bedstead,headboard,old
bedstead,headboard,wooden
beehive,honeycomb,giant
beehive,honeycomb,huge
beehive,honeycomb,vast
beer,ale,bottled
beer,ale,brown
beer,ale,cold
beer,ale,free
beer,ale,stale
beer,ale,strong
beer,lager,bottled
beer,lager,cold
beer,lager,free
beer,lager,strong
bell,mouth,cracked
bell,mouth,distant
bell,mouth,loud
bell,mouth,metal
bell,mouth,old
berlin,door,free
berlin,door,old
berlin,door,red
berlin,seat,free
berlin,seat,occupied
berlin,seat,old
berlin,seat,red
berlin,wheel,free
berlin,wheel,old
berlin,wheel,red
bible,text,black
bible,text,holy
bible,text,infallible
bible,text,old
bible,text,open
bible,text,printed
bible,text,red
bicycle,sprocket,old
bicycle,stem,black
bicycle,stem,high
bicycle,stem,old
bicycle,stem,red
bicycle,stem,white
bike,sprocket,old
bird,giblet,old
bird,oyster,dead
bird,oyster,gray
bird,oyster,male
bird,oyster,old
bird,oyster,white
bird,wishbone,old
biscuit,flour,cold
biscuit,flour,dry
biscuit,flour,english
biscuit,flour,hard
biscuit,flour,hot
biscuit,flour,sweet
biscuit,flour,white
blizzard,snow,blinding
blizzard,snow,regular
blizzard,snow,severe
blizzard,snow,terrible
blizzard,wind,blinding
blizzard,wind,economic
blizzard,wind,regular
blizzard,wind,severe
blizzard,wind,terrible
bodice,wing,black
bodice,wing,female
bodice,wing,red
bodice,wing,tight
bodice,wing,white
bodice,wing,wooden
body,back,blue
body,back,dark
body,back,yellow
body,bladder,blue
body,blood,blue
body,blood,dark
body,blood,foreign
body,blood,painted
body,blood,yellow
body,brain,dark
body,brain,yellow
body,butt,yellow
body,cavity,dark
body,colon,dark
body,crotch,blue
body,face,blue
body,face,dark
body,face,foreign
body,face,painted
body,face,yellow
body,foot,blue
body,foot,dark
body,foot,foreign
body,foot,yellow
body,heart,blue
body,heart,dark
body,heart,foreign
body,heart,painted
body,heart,yellow
body,intestine,dark
body,intestine,yellow
body,joint,blue
body,kidney,dark
body,kidney,foreign
body,kidney,yellow
body,lap,blue
body,lap,dark
body,lap,yellow
body,leg,blue
body,leg,yellow
body,liver,dark
body,liver,yellow
body,muscle,dark
body,muscle,yellow
body,neck,blue
body,neck,dark
body,neck,foreign
body,neck,yellow
body,nerve,blue
body,nerve,foreign
body,nucleus,blue
body,nucleus,dark
body,nucleus,foreign
body,nucleus,yellow
body,organ,dark
body,organ,foreign
body,penis,dark
body,shoulder,blue
body,shoulder,dark
body,shoulder,yellow
body,skin,blue
body,skin,dark
body,skin,foreign
body,skin,painted
body,skin,yellow
body,spine,blue
body,spine,dark
body,spine,yellow
body,spleen,dark
body,stomach,blue
body,stomach,dark
body,stomach,foreign
body,stomach,yellow
body,thorax,dark
body,thorax,yellow
body,toe,blue
body,toe,dark
body,tongue,blue
body,tongue,dark
body,tongue,foreign
body,tongue,painted
body,tongue,yellow
body,vessel,blue
body,vessel,dark
body,vessel,foreign
bolt,head,heavy
bolt,head,long
bolt,head,metal
bolt,head,rusty
bolt,head,silver
bolt,head,wooden
bomber,cannon,american
bomber,cannon,german
bomber,cannon,heavy
bone,marrow,white
bone,socket,alveolar
book,text,excellent
book,text,important
book,text,interesting
book,text,old
book,text,open
book,text,purple
book,text,red
boot,bootlace,black
boot,bootlace,old
boot,counter,black
boot,counter,heavy
boot,counter,old
boot,counter,tall
boot,counter,yellow
boot,spur,black
boot,spur,heavy
boot,spur,old
boot,tongue,black
boot,tongue,heavy
boot,tongue,italian
boot,tongue,old
boot,tongue,tall
boot,tongue,warm
boot,tongue,yellow
boot,upper,black
boot,upper,heavy
boot,upper,old
boot,upper,tall
boulder,stone,brown
boulder,stone,dark
boulder,stone,enormous
boulder,stone,flat
boulder,stone,giant
boulder,stone,grey
boulder,stone,huge
boulder,stone,massive
boulder,stone,white
bow,limb,low
bow,limb,red
bowling,frame,fast
bowling,frame,green
bowling,frame,poor
bowling,frame,professional
bowling,frame,slow
bow,prow,deep
bow,prow,low
bow,prow,silver
bow,stick,low
bow,stick,red
bow,stick,slight
bow,stick,starboard
box,base,appropriate
box,base,brown
box,base,cardboard
box,base,empty
box,base,grey
box,base,safe
box,base,wooden
bracelet,clasp,beautiful
bracelet,clasp,golden
bracelet,clasp,heavy
bracelet,clasp,sapphire
brace,strap,black
brace,strap,diagonal
brace,strap,long
brace,strap,vertical
brace,strap,white
braid,string,black
braid,string,french
braid,string,high
braid,string,long
braid,string,thick
brain,brainstem,adult
brain,brainstem,fetal
brain,brainstem,human
brain,brainstem,mammalian
brain,brainstem,rat
brain,cerebellum,adult
brain,cerebellum,fetal
brain,cerebellum,human
brain,cerebellum,mammalian
brain,cerebellum,rat
brain,nucleus,adult
brain,nucleus,fetal
brain,nucleus,human
brain,nucleus,mammalian
brain,nucleus,rat
brainstem,pons,auditory
brainstem,pons,caudal
brainstem,pons,human
brainstem,pons,rostral
branch,bark,brown
branch,bark,long
branch,bark,smooth
branch,bark,thin
brass,copper,burnished
brass,copper,fine
brass,copper,green
brass,copper,polished
brass,copper,solid
brass,copper,yellow
brassiere,strap,black
brassiere,strap,tight
brassiere,strap,white
brass,valve,fine
brass,valve,green
brass,valve,solid
bread,flour,fresh
breast,areola,black
breast,areola,bright
breast,areola,white
breast,areola,yellow
breast,nipple,black
breast,nipple,clean
breast,nipple,female
breast,nipple,human
breast,nipple,male
breast,nipple,white
bridge,deck,gray
bridge,deck,long
bridge,deck,metal
bridge,deck,narrow
bridge,deck,old
bridge,deck,white
bridge,deck,wooden
bridge,pier,gray
bridge,pier,long
bridge,pier,narrow
bridge,pier,old
bridge,pier,white
bridge,pier,wooden
bridge,ruff,old
bridge,ruff,white
bridge,ruff,wooden
bridge,trestle,long
bridge,trestle,narrow
bridge,trestle,old
bridge,trestle,wooden
bridle,rein,golden
bridle,rein,red
broom,broomstick,old
buffet,drawer,cold
buffet,drawer,free
buffet,drawer,long
buffet,shelf,cold
buffet,shelf,free
buffet,shelf,hot
buffet,shelf,indian
buffet,shelf,long
building,anteroom,public
building,atrium,fine
building,atrium,old
building,atrium,original
building,atrium,public
building,basement,old
building,basement,original
building,basement,tall
building,elevator,fine
building,elevator,old
building,elevator,original
building,elevator,public
building,lobby,old
building,lobby,original
building,lobby,public
building,lobby,tall
building,room,brown
building,room,fine
building,room,old
building,room,original
building,room,public
building,room,tall
building,shaft,brown
building,shaft,fine
building,shaft,old
building,shaft,original
building,shaft,tall
building,skeleton,brown
building,skeleton,fine
building,skeleton,old
building,skeleton,original
building,skeleton,tall
building,stairway,fine
building,stairway,old
building,stairway,original
building,stairway,public
building,stairway,tall
building,stairwell,old
building,storey,old
building,storey,tall
building,terrace,fine
building,terrace,old
building,terrace,original
building,terrace,public
building,terrace,tall
building,upstairs,fine
building,upstairs,old
building,upstairs,orange
building,wing,brown
building,wing,fine
building,wing,old
building,wing,orange
building,wing,original
building,wing,public
building,wing,tall
bulb,leaf,round
bulb,leaf,wet
bulb,leaf,white
bullwhip,fall,black
bullwhip,fall,giant
bullwhip,fall,long
bullwhip,thong,black
bullwhip,thong,coiled
bullwhip,thong,long
bun,flour,brown
bun,flour,hot
bun,flour,loose
cabinet,minister,english
cabinet,minister,federal
cabinet,minister,french
cabinet,minister,grey
cabinet,minister,inner
cabinet,minister,white
cab,log,empty
cab,log,open
cab,log,white
cab,log,yellow
calf,veal,brown
calf,veal,fatted
calf,veal,white
calf,veal,young
camel,hump,white
camera,aperture,black
camera,aperture,empty
camera,aperture,hidden
camera,aperture,ordinary
camera,aperture,white
camera,finder,ordinary
camera,magazine,black
camera,magazine,empty
camera,magazine,hidden
camera,magazine,ordinary
camera,shutter,black
camera,shutter,ordinary
camera,shutter,still
canal,lock,anal
canal,lock,brown
canal,lock,external
candelabra,candle,brown
candelabra,candle,golden
candelabra,candle,tall
candy,sugar,blue
candy,sugar,cheap
candy,sugar,homemade
candy,sugar,red
candy,sugar,sour
candy,sugar,white
canine,paw,brown
canine,paw,spotted
car,accelerator,old
car,accelerator,red
caramel,sugar,brown
caramel,sugar,burnt
caramel,sugar,dark
caramel,sugar,hot
caramel,sugar,light
caramel,sugar,warm
car,boot,black
car,boot,old
car,boot,open
car,boot,red
carburetor,valve,conventional
carburetor,valve,dual
carburetor,valve,ordinary
carburetor,valve,simple
carburetor,valve,typical
car,generator,old
car,generator,open
car,generator,private
car,generator,used
car,generator,white
car,grille,black
car,grille,old
car,grille,open
car,horn,black
car,horn,old
car,horn,open
car,horn,red
car,horn,white
carpet,textile,persian
car,radiator,black
car,radiator,old
car,radiator,open
carriage,berlin,open
carriage,berlin,private
carriage,berlin,red
carriage,berlin,royal
carriage,coupe,black
carriage,coupe,closed
carriage,coupe,open
carriage,coupe,red
carriage,landau,closed
carriage,landau,open
carriage,landau,royal
car,starter,old
cart,cartwheel,old
cartridge,bullet,blank
cartridge,bullet,fresh
cartridge,bullet,spent
cartridge,projectile,fresh
cartridge,projectile,spent
cartwheel,spoke,old
castle,turret,ancient
castle,turret,huge
castle,turret,medieval
castle,turret,old
castle,turret,ruined
cattle,beef,black
cattle,beef,brown
cattle,beef,domestic
cattle,beef,white
cattle,beef,wild
cattle,beef,young
cave,floor,dark
cave,floor,deep
cave,floor,natural
cave,floor,open
cave,floor,sacred
cave,floor,secret
cave,roof,dark
cave,roof,deep
cave,roof,natural
cave,roof,open
cave,roof,sacred
cave,wall,dark
cave,wall,deep
cave,wall,natural
cave,wall,open
cave,wall,sacred
cave,wall,secret
cello,back,beloved
cello,back,electric
cello,back,old
cello,bridge,beloved
cello,bridge,electric
cello,bridge,old
cello,front,baroque
cello,front,old
cello,neck,beloved
cello,neck,old
cello,rib,old
cello,saddle,old
cello,shoulder,old
cello,string,electric
cello,string,old
cello,waist,old
cemetery,grave,ancient
cemetery,grave,old
cemetery,grave,public
chain,link,black
chain,link,causal
chain,link,heavy
chain,link,sympathetic
chain,yard,black
chain,yard,heavy
chain,yard,metal
chaise,seat,black
chaise,seat,cushioned
chaise,seat,fancy
chaise,seat,hack
chaise,seat,hired
chaise,seat,light
chaise,seat,old
chaise,seat,open
chaise,seat,red
chaise,wheel,black
chaise,wheel,light
chaise,wheel,old
chaise,wheel,open
chaise,wheel,red
cheeseburger,bun,greasy
cheeseburger,bun,round
cheeseburger,cheese,cold
cheeseburger,cheese,decent
cheeseburger,cheese,greasy
cheeseburger,cheese,round
cheeseburger,cheese,triple
cheeseburger,patty,round
cheesecake,egg,cooled
cheesecake,egg,delicious
cheesecake,egg,excellent
cheesecake,egg,lemon
cheesecake,flour,delicious
cheesecake,flour,excellent
cheesecake,flour,homemade
cheesecake,sugar,delicious
cheesecake,sugar,excellent
cheesecake,sugar,homemade
cheesecake,sugar,lemon
cheese,crust,green
cheese,crust,soft
cheese,crust,white
chemise,strap,long
chemise,strap,red
chemise,strap,short
chemise,strap,thin
chemise,strap,white
chessboard,center,diplomatic
chessboard,center,european
chessboard,center,global
chessboard,center,international
chessboard,center,political
chessboard,side,diplomatic
chessboard,side,european
chessboard,side,global
chessboard,side,international
chessboard,side,political
chess,checkerboard,chinese
chess,checkerboard,clear
chess,checkerboard,international
chess,checkerboard,political
chest,lid,broad
chest,lid,old
chest,lid,thin
chest,lid,white
chest,lid,wooden
chicken,breast,cold
chicken,breast,fried
chicken,breast,grilled
chicken,breast,light
chicken,breast,roasted
chicken,breast,white
chicken,breast,young
child,baby,blonde
child,baby,dear
child,baby,poor
child,baby,sick
child,baby,unborn
child,baby,young
child,boy,blonde
child,boy,dear
child,boy,poor
child,boy,sick
child,boy,unborn
child,boy,young
child,girl,blonde
child,girl,dear
child,girl,poor
child,girl,sick
child,girl,unborn
child,girl,young
chimney,fireplace,gray
chimney,fireplace,high
chimney,fireplace,huge
chimney,fireplace,old
chimney,fireplace,red
chimney,fireplace,tall
chimney,fireplace,wide
chin,goatee,long
chin,goatee,pointed
chin,goatee,white
chisel,blade,fine
chisel,blade,flat
chisel,blade,sharp
chocolate,sugar,brown
chocolate,sugar,leftover
chocolate,sugar,melted
chocolate,sugar,sweet
chowder,seafood,delicious
chowder,seafood,excellent
chowder,seafood,hot
chuck,blade,black
chuck,blade,metallic
chuck,blade,old
chuck,blade,universal
chuck,jaw,black
chuck,jaw,old
chuck,shoulder,black
chuck,shoulder,old
church,nave,ancient
church,nave,old
church,nave,primitive
chute,skid,long
chute,skid,wooden
cigarette,filter,american
cigarette,filter,fresh
cigarette,filter,white
cigarette,tobacco,american
cigarette,tobacco,fresh
cigarette,tobacco,lighted
cigarette,tobacco,unlit
cigarette,tobacco,white
circuit,tube,equivalent
circuit,tube,external
circuit,tube,magnetic
city,neighborhood,american
city,neighborhood,ancient
city,neighborhood,busy
city,neighborhood,old
city,neighborhood,poor
clay,pigment,brown
clay,pigment,dirty
clay,pigment,pink
clay,pigment,soft
clay,pigment,wet
clay,pigment,white
clay,water,brown
clay,water,dirty
clay,water,pink
clay,water,soft
clay,water,wet
clay,water,white
cliff,ledge,high
cliff,ledge,low
cliff,ledge,red
cliff,ledge,rocky
cliff,ledge,steep
closet,shelf,dark
closet,shelf,open
closet,shelf,private
closet,shelf,secret
closet,shelf,white
clothes,zipper,old
clothing,button,black
clothing,button,green
clothing,button,proper
clothing,button,red
clothing,button,tight
clothing,button,white
clothing,collar,black
clothing,collar,green
clothing,collar,proper
clothing,collar,protective
clothing,collar,red
clothing,collar,tight
clothing,collar,warm
clothing,collar,wet
clothing,collar,white
clothing,shoe,black
clothing,shoe,green
clothing,shoe,proper
clothing,shoe,protective
clothing,shoe,red
clothing,shoe,tight
clothing,shoe,wet
clothing,shoe,white
clothing,wardrobe,black
clothing,wardrobe,proper
clothing,wardrobe,white
coach,box,high
coach,box,old
coach,box,royal
cobbler,batter,poor
cockpit,canopy,blue
cockpit,canopy,clear
cockpit,canopy,enclosed
cockpit,canopy,forward
cockpit,canopy,open
cockpit,canopy,red
cockpit,canopy,tiny
cockpit,canopy,white
cockpit,intercom,open
cockpit,joystick,open
coin,head,fair
coin,head,false
coin,head,foreign
coin,head,gold
coin,head,silver
coin,head,white
coin,tail,false
coin,tail,gold
coin,tail,silver
coin,tail,white
coleslaw,cabbage,fresh
coleslaw,cabbage,white
column,base,appropriate
column,base,blue
column,base,long
column,base,posterior
column,base,vertical
column,base,white
column,pedestal,appropriate
column,pedestal,blue
column,pedestal,long
column,pedestal,vertical
column,pedestal,white
column,shaft,appropriate
column,shaft,blue
column,shaft,long
column,shaft,posterior
column,shaft,vertical
column,shaft,white
comb,tooth,fine
comb,tooth,golden
comb,tooth,green
comb,tooth,plastic
comb,tooth,white
comb,tooth,wooden
comet,nucleus,blazing
comet,nucleus,bright
comet,nucleus,brilliant
comet,nucleus,fiery
computer,bus,remote
computer,chip,off
computer,hardware,remote
concrete,cement,broken
concrete,cement,cracked
concrete,cement,fresh
concrete,cement,gray
concrete,cement,plain
concrete,cement,stained
concrete,cement,wet
cone,height,inner
cone,height,red
cone,height,white
container,covering,airtight
container,covering,closed
container,covering,empty
container,covering,green
container,covering,plastic
container,covering,suitable
container,covering,white
corkscrew,worm,giant
corkscrew,worm,long
corkscrew,worm,ordinary
corkscrew,worm,red
corn,ear,yellow
corona,petal,inner
corona,petal,yellow
corset,bone,old
corset,bone,stiff
corset,bone,surgical
corset,bone,white
costume,wardrobe,black
costume,wardrobe,european
costume,wardrobe,indian
costume,wardrobe,national
costume,wardrobe,traditional
costume,wardrobe,white
costume,wig,black
costume,wig,grey
costume,wig,hot
costume,wig,indian
costume,wig,traditional
costume,wig,white
cot,leg,brown
cot,leg,empty
cot,leg,narrow
cot,leg,wooden
courthouse,courtroom,federal
courthouse,courtroom,old
courthouse,courtroom,original
covering,surface,blue
covering,surface,covered
covering,surface,external
covering,surface,peritoneal
covering,surface,striped
covering,surface,thick
covering,surface,thin
cow,poll,brown
cow,poll,old
cow,poll,red
cow,poll,white
cracker,flour,brown
cracker,flour,chinese
cracker,flour,dry
cracker,flour,old
cradle,rocker,antique
cradle,rocker,empty
cradle,rocker,old
cradle,rocker,wooden
crisp,fruit,cooked
crisp,fruit,crisp
crisp,fruit,fried
crisp,fruit,golden
crisp,fruit,tender
crisp,fruit,young
croissant,butter,chocolate
croissant,butter,fresh
croissant,butter,stale
croissant,butter,warm
croissant,dough,baked
croissant,dough,buttery
croissant,dough,flaky
croissant,dough,fresh
croissant,dough,stale
croissant,dough,warm
crossword,grid,standard
crossword,grid,textual
crotch,penis,bulging
crotch,penis,wet
crotch,scrotum,high
crotch,scrotum,low
crown,branch,english
crown,branch,french
crown,branch,imperial
crown,branch,intricate
crown,branch,spanish
crown,cross,decorative
crown,cross,english
crown,cross,french
crown,cross,gold
crown,cross,imperial
crown,cross,spanish
crown,foliage,decorative
crown,foliage,english
crown,foliage,french
crown,foliage,gold
crown,foliage,intricate
crown,foliage,orange
crown,leaf,decorative
crown,leaf,english
crown,leaf,french
crown,leaf,gold
crown,leaf,imperial
crown,leaf,orange
crown,leaf,spanish
crustacean,claw,gigantic
crustacean,claw,minute
cupcake,butter,brown
cupcake,butter,chocolate
cupcake,butter,nice
cupcake,butter,red
cup,gill,blue
custard,egg,baked
custard,egg,boiled
custard,egg,pink
custard,egg,soft
custard,egg,yellow
custard,milk,baked
custard,milk,boiled
custard,milk,pink
custard,milk,rich
custard,milk,soft
custard,milk,yellow
cutlery,handle,english
cutlery,handle,fine
cutlery,handle,metallic
cutlery,handle,plastic
cutlery,handle,silver
cutlery,handle,stainless
cutlery,handle,white
cyclone,low,severe
cyclone,low,terrible
cyclone,low,tropical
cyclone,low,typical
dagger,hilt,bloody
dagger,hilt,long
deer,flag,wild
deer,flag,young
deer,withers,young
delaware,dover,noble
delaware,dover,old
delaware,wilmington,old
delaware,wilmington,young
desert,oasis,vast
device,keyboard,digital
device,keyboard,simple
device,keyboard,standard
device,keyboard,terminal
device,keyboard,wireless
dinghy,peg,blue
dinghy,peg,old
dinghy,peg,tiny
dinghy,peg,white
diocese,see,old
diocese,see,vacant
dish,sauce,blue
dish,sauce,deep
dish,sauce,hot
dish,sauce,white
divan,cushion,long
divan,cushion,low
dog,flag,black
dog,flag,dead
dog,flag,old
dog,flag,sweet
dog,flag,white
donkey,molecule,dead
donkey,molecule,gray
donkey,molecule,old
doorframe,doorjamb,open
doorframe,doorjamb,splintered
doorframe,doorjamb,wooden
doorway,casing,low
doorway,casing,narrow
doorway,casing,open
doorway,casing,red
doorway,door,arched
doorway,door,dark
doorway,door,darkened
doorway,doorframe,low
doorway,doorframe,narrow
doorway,doorframe,open
doorway,door,low
doorway,door,narrow
doorway,door,open
doorway,door,red
doublet,wing,black
doublet,wing,leathern
doublet,wing,red
dough,flour,brown
dough,flour,dark
dough,flour,smooth
dough,flour,soft
dough,flour,stiff
dough,flour,uncooked
dough,flour,white
drawer,lock,brown
drawer,lock,deep
drawer,lock,empty
drawer,lock,grey
drawer,lock,open
drawer,lock,private
drawer,lock,secret
drawer,lock,white
drawer,lock,wooden
dress,bodice,black
dress,bodice,blue
dress,bodice,red
dress,bodice,sleeveless
dress,bodice,white
dress,bodice,yellow
dress,seam,black
dress,seam,blue
dress,seam,red
dress,seam,white
dress,seam,yellow
dumpling,flour,boiled
dumpling,flour,cooked
dumpling,flour,fried
dumpling,flour,hot
dwelling,bathroom,comfortable
dwelling,bathroom,old
dwelling,bathroom,private
dwelling,bathroom,red
dwelling,bathroom,white
dwelling,bedroom,comfortable
dwelling,bedroom,human
dwelling,bedroom,humble
dwelling,bedroom,old
dwelling,bedroom,private
dwelling,bedroom,red
dwelling,bedroom,white
dwelling,den,comfortable
dwelling,den,humble
dwelling,den,old
dwelling,den,private
dwelling,den,red
dwelling,den,white
dwelling,fireplace,comfortable
dwelling,fireplace,old
dwelling,fireplace,red
dwelling,fireplace,white
dwelling,home,comfortable
dwelling,home,human
dwelling,home,humble
dwelling,home,old
dwelling,home,private
dwelling,home,red
dwelling,home,urban
dwelling,home,white
dwelling,kitchen,comfortable
dwelling,kitchen,humble
dwelling,kitchen,old
dwelling,kitchen,private
dwelling,kitchen,red
dwelling,kitchen,urban
dwelling,kitchen,white
dwelling,lodging,comfortable
dwelling,lodging,human
dwelling,lodging,humble
dwelling,lodging,old
dwelling,lodging,private
ear,eardrum,human
earth,hemisphere,red
earth,hemisphere,solid
earth,land,bare
earth,land,brown
earth,land,dry
earth,land,flat
earth,land,green
earth,land,loose
earth,land,red
earth,land,soft
earth,land,solid
earth,sky,bare
earth,sky,brown
earth,sky,dry
earth,sky,flat
earth,sky,green
earth,sky,loose
earth,sky,red
earth,sky,soft
earth,sky,solid
eating,tableware,excellent
eating,tableware,white
egg,eggshell,white
egg,shell,golden
egg,shell,raw
egg,shell,white
elevator,car,automatic
elevator,car,crowded
elevator,car,grey
elevator,car,hydraulic
elevator,car,private
embassy,ambassador,american
embassy,ambassador,british
embassy,ambassador,french
embassy,ambassador,german
embassy,ambassador,soviet
engine,controller,internal
engine,controller,old
engine,controller,powerful
engine,piston,internal
engine,piston,old
engine,piston,powerful
engine,piston,stationary
exchange,floor,free
exchange,floor,international
exchange,floor,social
extremity,end,affected
extremity,end,anterior
extremity,end,distal
extremity,end,posterior
extremity,limb,affected
extremity,limb,anterior
extremity,limb,distal
extremity,limb,involved
extremity,limb,posterior
eye,aperture,dark
eye,aperture,open
eyeball,cornea,affected
eyeball,cornea,black
eyeball,cornea,human
eyeball,cornea,transparent
eyeball,cornea,white
eye,cone,brown
eye,cone,dark
eye,cone,human
eye,cone,open
eye,cornea,dark
eye,cornea,human
eye,eyeball,dark
eye,eyeball,human
eye,eyeball,open
eye,eyelid,human
eye,eyelid,open
eye,globe,dark
eye,globe,human
eye,globe,open
eye,iris,brown
eye,iris,dark
eye,iris,human
eye,iris,open
eye,lens,dark
eye,lens,human
eye,lens,open
eye,lens,watchful
eyelid,eyelash,grey
eye,retina,dark
eye,retina,human
eye,rod,brown
eye,rod,dark
eye,rod,human
eye,rod,open
fabric,hem,blue
fabric,hem,red
fabric,hem,white
facade,gable,baroque
facade,gable,original
face,brow,beautiful
face,brow,handsome
face,brow,light
face,brow,yellow
face,cheek,beautiful
face,cheek,handsome
face,cheek,light
face,cheek,yellow
face,chin,beautiful
face,chin,handsome
face,chin,light
face,chin,yellow
face,jaw,handsome
face,jaw,light
face,jaw,yellow
face,jowl,light
face,moustache,beautiful
face,moustache,handsome
face,moustache,light
face,moustache,yellow
face,side,beautiful
face,side,handsome
face,side,light
face,side,yellow
farm,farmhouse,distant
farm,farmhouse,fine
farm,farmhouse,gray
farm,farmhouse,old
farm,farmhouse,poor
farm,farmhouse,rural
farm,farmyard,distant
farm,farmyard,old
farm,farmyard,poor
farm,farmyard,rural
feather,quill,eagle
feather,quill,gray
feather,quill,light
feather,quill,ostrich
feather,quill,red
feather,vane,gray
feather,vane,light
feather,vane,red
fettuccine,flour,fresh
fettuccine,flour,homemade
fettuccine,flour,hot
field,soil,empty
field,soil,external
field,soil,grassy
field,soil,open
film,scene,black
film,scene,clear
film,scene,silent
film,scene,white
film,trailer,black
film,trailer,pink
film,trailer,silent
film,trailer,white
finger,fingerprint,human
finger,fingertip,cold
finger,fingertip,human
finger,fingertip,wet
fingernail,cuticle,black
fingernail,cuticle,broken
fingernail,cuticle,clean
fingernail,cuticle,red
fingernail,quick,dirty
fin,ray,anal
fin,ray,green
fin,ray,red
firearm,lock,concealed
firecracker,fuse,damp
firecracker,fuse,lighted
firecracker,fuse,wet
fire,flame,glowing
fire,flame,heavy
fire,flame,hot
fire,flame,orange
fire,flame,sacred
fire,flame,slow
fireplace,hearth,dark
fireplace,hearth,empty
fireplace,hearth,huge
fireplace,hearth,old
fireplace,hearth,white
fireplace,hearth,wide
flag,field,british
fleece,staple,blue
fleece,staple,white
flesh,muscle,human
flesh,muscle,pink
flesh,muscle,raw
flesh,muscle,soft
flesh,muscle,torn
flesh,muscle,white
flock,bird,beloved
flock,bird,brown
flock,bird,faithful
flock,bird,poor
flock,bird,white
flock,sheep,beloved
flock,sheep,brown
flock,sheep,christian
flock,sheep,faithful
flock,sheep,poor
flock,sheep,scattered
flock,sheep,white
flower,column,beautiful
flower,column,blue
flower,column,dark
flower,column,lotus
flower,column,red
flower,column,white
foliage,leaf,dark
foliage,leaf,dense
foliage,leaf,golden
foliage,leaf,green
foliage,leaf,luxuriant
foliage,leaf,thick
fondue,cheese,chinese
fondue,cheese,excellent
fondue,cheese,hot
fondue,cheese,swiss
fondue,meat,chinese
fondue,meat,excellent
fondue,meat,hot
football,bladder,high
football,bladder,red
football,bladder,white
foot,ball,brown
foot,ball,high
foot,ball,wooden
foot,heel,high
foot,heel,wooden
foot,hoof,high
foot,hoof,wooden
foot,sole,brown
foot,sole,high
foot,sole,wooden
footwear,sole,black
footwear,sole,pink
footwear,sole,proper
footwear,sole,yellow
footwear,toe,black
footwear,toe,pink
forge,anvil,hot
forge,anvil,old
forge,anvil,portable
fortification,guardhouse,old
fortification,moat,ancient
fortification,moat,natural
fortification,moat,old
fortification,moat,strong
fortification,rampart,ancient
fortification,rampart,natural
fortification,rampart,old
fortification,rampart,strong
fortress,battlement,ancient
fortress,battlement,old
fortress,battlement,strong
forward,centre,cyclic
forward,centre,high
fountain,basin,beautiful
fountain,basin,brown
fountain,basin,clear
fountain,basin,outdoor
fountain,basin,public
fountain,basin,pure
fruit,orange,fresh
fruit,orange,golden
fruit,orange,green
fruit,orange,ripe
fruit,orange,unripe
fruit,orange,yellow
fudge,butter,delicious
fudge,butter,fresh
fudge,butter,homemade
fudge,butter,hot
fudge,butter,old
fudge,milk,delicious
fudge,milk,fresh
fudge,milk,homemade
fudge,milk,hot
fudge,milk,old
fudge,sugar,delicious
fudge,sugar,fresh
fudge,sugar,homemade
fudge,sugar,hot
fudge,sugar,old
furnace,grate,hot
furnace,grate,metal
furniture,drawer,fine
furniture,drawer,heavy
furniture,drawer,old
furniture,drawer,table
furniture,wardrobe,antique
furniture,wardrobe,fine
furniture,wardrobe,heavy
furniture,wardrobe,old
fuselage,nose,forward
fuselage,nose,long
fuselage,nose,red
fuselage,nose,shiny
fuselage,nose,white
fuselage,nose,wide
fuselage,porthole,aft
fuselage,porthole,forward
fuselage,tail,aft
fuselage,tail,long
fuselage,tail,red
fuselage,tail,shiny
fuselage,tail,white
fuselage,tail,wide
galilee,nazareth,ancient
galilee,nazareth,distant
game,player,dangerous
game,player,old
game,player,political
game,player,wild
gang,gangster,black
gang,gangster,old
gang,gangster,rival
garage,roof,closed
garage,roof,gray
garage,roof,old
garage,roof,open
garage,roof,tan
garage,roof,underground
garage,roof,white
garden,patio,beautiful
garden,patio,green
garden,patio,old
garden,patio,rectangular
garden,patio,walled
garden,plant,beautiful
garden,plant,green
garden,plant,old
garment,band,blue
garment,band,colorful
garment,band,long
garment,band,loose
garment,band,old
garment,band,pink
garment,band,seamless
garment,band,traditional
garment,band,white
garment,bosom,blue
garment,bosom,furry
garment,bosom,long
garment,bosom,old
garment,bosom,pink
garment,bosom,white
garment,buttonhole,old
garment,buttonhole,white
garment,dart,blue
garment,dart,long
garment,dart,old
garment,dart,pink
garment,fly,blue
garment,fly,long
garment,fly,old
garment,fly,pink
garment,fly,traditional
garment,fly,white
garment,neck,blue
garment,neck,furry
garment,neck,long
garment,neck,loose
garment,neck,old
garment,neck,pink
garment,neck,white
garment,pocket,blue
garment,pocket,long
garment,pocket,loose
garment,pocket,old
garment,pocket,pink
garment,pocket,white
garment,shoulder,blue
garment,shoulder,furry
garment,shoulder,long
garment,shoulder,loose
garment,shoulder,old
garment,shoulder,pink
garment,shoulder,white
garment,skirt,blue
garment,skirt,colorful
garment,skirt,long
garment,skirt,loose
garment,skirt,old
garment,skirt,pink
garment,skirt,traditional
garment,skirt,white
garment,sleeve,blue
garment,sleeve,long
garment,sleeve,loose
garment,sleeve,old
garment,sleeve,pink
garment,sleeve,white
garment,yoke,long
garment,yoke,old
garment,yoke,traditional
garment,yoke,white
gas,pressure,acid
gas,pressure,invisible
gate,lock,black
gate,lock,inner
gate,lock,narrow
gate,lock,old
gate,lock,open
gate,lock,wooden
gear,tooth,black
gear,tooth,dark
gear,tooth,white
generator,brush,electric
generator,brush,electrical
generator,brush,gray
generator,brush,green
generator,brush,grey
glacier,crevasse,huge
glacier,crevasse,old
glove,finger,black
glove,finger,brown
glove,finger,old
glove,finger,sterile
glove,finger,white
glove,thumb,black
glove,thumb,brown
glove,thumb,old
glove,thumb,white
goat,beard,black
goat,beard,brown
goat,beard,grey
goat,beard,old
goat,beard,white
goat,beard,young
gown,train,black
gown,train,blue
gown,train,long
gown,train,red
gown,train,white
grain,cereal,american
grain,cereal,brown
grain,cereal,coarse
grain,cereal,fine
grain,cereal,foreign
grain,cereal,golden
grandchild,granddaughter,beloved
grandchild,granddaughter,dear
grandchild,granddaughter,favourite
grandchild,granddaughter,infant
grandchild,granddaughter,newborn
grandchild,granddaughter,young
grandchild,grandson,beloved
grandchild,grandson,dear
grandchild,grandson,favourite
grandchild,grandson,infant
grandchild,grandson,newborn
grandchild,grandson,young
grapevine,grape,wild
graph,edge,directed
graph,edge,green
graph,edge,original
graph,edge,undirected
grave,gravestone,unmarked
grove,tree,beautiful
grove,tree,distant
grove,tree,green
grove,tree,olive
grove,tree,sacred
grove,tree,shady
grove,tree,snowy
grove,tree,thick
gruel,cereal,hot
gruel,cereal,thick
gruel,cereal,thin
gruel,cereal,warm
guitar,bridge,brown
guitar,bridge,classical
guitar,bridge,red
guitar,bridge,spanish
guitar,bridge,white
guitar,neck,brown
guitar,neck,red
guitar,neck,white
guitar,pickup,brown
guitar,pickup,red
guitar,pickup,white
gun,barrel,blue
gun,barrel,heavy
gun,barrel,loaded
gun,barrel,long
gun,barrel,old
gun,barrel,white
gunpowder,charcoal,black
gunpowder,charcoal,burned
gunpowder,charcoal,burnt
gunpowder,charcoal,old
gunpowder,charcoal,ordinary
gun,stock,blue
gun,stock,heavy
gun,stock,long
gun,stock,old
gun,stock,purple
gun,stock,white
gun,trigger,heavy
gun,trigger,long
gun,trigger,old
hail,hailstone,soft
hail,ice,deadly
hail,ice,perfect
hail,ice,soft
hail,ice,white
hair,follicle,long
hair,follicle,white
hair,root,black
hair,root,dark
hair,root,long
hair,root,red
hair,root,short
hair,root,white
hallway,ceiling,clean
hallway,ceiling,dark
hallway,ceiling,empty
hallway,ceiling,long
hallway,ceiling,narrow
hallway,ceiling,shiny
hallway,ceiling,yellow
hallway,floor,clean
hallway,floor,dark
hallway,floor,empty
hallway,floor,long
hallway,floor,narrow
hallway,floor,shiny
hallway,floor,short
hallway,floor,yellow
hallway,wall,clean
hallway,wall,dark
hallway,wall,empty
hallway,wall,long
hallway,wall,narrow
hallway,wall,shiny
hallway,wall,short
hallway,wall,yellow
hammer,claw,black
hammer,claw,brown
hammer,claw,heavy
hammer,handle,black
hammer,handle,brown
hammer,handle,fancy
hammer,handle,heavy
hammer,handle,light
hammer,handle,silver
hammer,handle,wooden
hammer,head,black
hammer,head,brown
hammer,head,fancy
hammer,head,heavy
hammer,head,light
hammer,head,silver
hammer,head,wooden
hampshire,winchester,old
hand,ball,human
hand,ball,open
hand,ball,strong
handcart,handle,empty
handcart,handle,green
hand,fist,human
hand,fist,open
hand,fist,outstretched
hand,fist,strong
handlebar,handle,blue
handlebar,handle,cracked
handlebar,handle,metal
handlebar,handle,plastic
handlebar,handle,thin
handlebar,handle,white
handset,handle,black
handset,handle,blue
handset,handle,corded
handset,handle,remote
handset,handle,silver
handset,handle,standard
handset,loudspeaker,black
handset,loudspeaker,mobile
handset,loudspeaker,standard
handset,microphone,black
handset,microphone,mobile
handset,microphone,remote
handset,microphone,standard
handset,microphone,wireless
hare,rabbit,hunted
hare,rabbit,timid
hare,rabbit,white
harness,bridle,black
harness,bridle,blue
harness,bridle,golden
harness,bridle,heavy
harness,bridle,old
harness,bridle,yellow
harness,halter,black
harness,halter,blue
harness,halter,golden
harness,halter,old
harness,halter,yellow
harness,headgear,black
harness,headgear,heavy
harness,headgear,old
harness,headgear,yellow
hatchway,hatch,aft
hatchway,hatch,dark
hatchway,hatch,forward
hatchway,hatch,narrow
hatchway,hatch,open
hat,crown,black
hat,crown,old
hat,crown,red
hat,crown,tall
hat,crown,white
hat,crown,yellow
head,brain,dark
head,brain,fuzzy
head,brow,dark
head,chin,dark
head,chin,fuzzy
head,face,bowed
head,face,dark
head,face,fuzzy
head,muzzle,dark
head,pocket,dark
headset,microphone,black
headset,microphone,spare
headset,microphone,wireless
head,skull,bowed
head,skull,buffalo
head,skull,dark
head,snout,dark
head,temple,dark
heart,valve,heavy
heart,valve,human
hedgehog,quill,white
helicopter,blade,american
helicopter,blade,black
helicopter,blade,blue
helicopter,blade,green
helicopter,blade,white
helmet,beaver,golden
helmet,beaver,grey
helmet,beaver,plumed
helmet,beaver,white
helmet,beaver,yellow
herb,vegetable,annual
herb,vegetable,fresh
herb,vegetable,green
herb,vegetable,perennial
highchair,rung,wooden
highway,interchange,old
highway,interchange,public
hill,hillside,bare
hill,hillside,brown
hill,hillside,high
hill,hillside,long
hill,hillside,low
hill,hillside,rocky
hill,hillside,steep
hill,slope,bare
hill,slope,brown
hill,slope,high
hill,slope,long
hill,slope,low
hill,slope,rocky
hill,slope,steep
hill,slope,tall
hilt,guard,black
hilt,guard,golden
hilt,guard,wooden
hilt,knob,black
hilt,knob,golden
hilt,knob,jeweled
hilt,knob,wooden
hilt,pommel,golden
hilt,pommel,jeweled
hilt,pommel,jewelled
hilt,pommel,wooden
hog,pork,brown
hog,pork,dead
hog,pork,domestic
hog,pork,fat
hog,pork,old
hog,pork,wild
hog,trotter,old
homo,arm,female
homo,arm,latin
homo,arm,primitive
homo,face,archaic
homo,face,female
homo,face,greek
homo,face,latin
homo,face,primitive
homo,foot,female
homo,foot,greek
homo,foot,primitive
homo,hand,archaic
homo,hand,female
homo,hand,greek
homo,hand,latin
homo,hand,primitive
hoof,toe,black
hoof,toe,brown
hoof,toe,hind
hoopskirt,hoop,old
horse,poll,black
horse,poll,old
horse,withers,dead
horse,withers,old
hospital,ward,acute
hospital,ward,private
hospital,ward,public
hotel,lobby,comfortable
hotel,lobby,downtown
hotel,lobby,old
hotel,lobby,white
house,attic,empty
house,attic,old
house,basement,empty
house,basement,old
house,floor,brown
house,floor,empty
house,floor,old
house,floor,private
house,foyer,empty
house,foyer,old
house,foyer,private
house,garden,brown
house,garden,empty
house,garden,old
house,garden,private
house,library,brown
house,library,empty
house,library,old
house,library,private
house,loft,empty
house,loft,old
house,nail,empty
house,nail,old
house,patio,empty
house,patio,old
house,patio,private
house,room,brown
house,room,empty
house,room,old
house,room,private
house,shower,brown
house,shower,empty
house,shower,old
house,shower,private
icing,sugar,brown
icing,sugar,green
icing,sugar,light
icing,sugar,orange
icing,sugar,pink
icing,sugar,royal
icing,sugar,severe
icing,sugar,white
incubator,thermostat,dark
ink,binder,black
ink,binder,blue
ink,binder,brown
ink,pigment,black
ink,pigment,blue
ink,pigment,brown
insect,abdomen,black
insect,abdomen,female
insect,thorax,black
insect,thorax,female
insect,thorax,gray
insect,wing,black
insect,wing,female
insect,wing,gray
insect,wing,natural
insect,wing,perfect
insect,wing,tiny
iris,pupil,black
iris,pupil,blue
iris,pupil,brown
iris,pupil,wild
jade,copper,chinese
jade,copper,green
jade,copper,old
jade,copper,white
jar,mouth,blue
jar,mouth,clean
jar,mouth,covered
jar,mouth,empty
jar,mouth,red
jar,mouth,sealed
jar,mouth,white
jersey,cotton,black
jersey,cotton,blue
jersey,cotton,northeastern
jersey,cotton,red
jersey,cotton,white
jersey,cotton,yellow
jersey,silk,black
jersey,silk,blue
jersey,silk,red
jersey,silk,white
jersey,silk,yellow
jersey,wool,black
jersey,wool,blue
jersey,wool,red
jersey,wool,white
jersey,wool,yellow
jersey,yarn,black
jersey,yarn,blue
jersey,yarn,red
jersey,yarn,white
jersey,yarn,yellow
jewellery,gemstone,valuable
jewelry,gem,cheap
jewelry,gem,fine
jewelry,gem,indian
jewelry,gem,pretty
jewelry,gem,yellow
journalism,journal,american
journalism,journal,political
journalism,journal,public
juice,fruit,fresh
juice,fruit,nice
juice,fruit,red
juice,sugar,fresh
juice,sugar,nice
juice,sugar,red
juice,vegetable,fresh
juice,vegetable,nice
juice,vegetable,red
jungle,vine,african
jungle,vine,dense
jungle,vine,green
jungle,vine,thick
jungle,vine,tropical
jury,juror,english
jury,juror,impartial
kebab,meat,huge
kernel,root,corn
kernel,root,hard
kernel,root,historical
kernel,root,rational
kernel,root,sweet
kernel,root,yellow
ketchup,garlic,green
ketchup,garlic,red
ketchup,onion,green
ketchup,onion,red
ketchup,sugar,green
ketchup,sugar,homemade
ketchup,sugar,mushroom
ketchup,sugar,red
ketchup,sugar,thick
ketchup,tomato,green
ketchup,tomato,red
ketchup,tomato,thick
ketchup,vinegar,bottled
ketchup,vinegar,homemade
ketchup,vinegar,red
kidney,pelvis,human
knot,ear,hard
knot,ear,loose
knot,ear,round
knot,string,hard
knot,string,loose
knot,string,tight
ladle,handle,huge
ladle,handle,long
ladle,handle,perforated
ladle,handle,plastic
ladle,handle,red
ladle,handle,silver
ladle,handle,wooden
lake,floor,beautiful
lake,floor,blue
lake,floor,dirty
lake,floor,frozen
lake,floor,green
lake,floor,shallow
lake,inlet,beautiful
lake,inlet,blue
lake,inlet,dirty
lake,inlet,frozen
lake,inlet,shallow
landau,door,ancient
landau,door,old
landau,door,open
landau,seat,ancient
landau,seat,hired
landau,seat,old
landau,seat,open
landau,wheel,ancient
landau,wheel,old
landau,wheel,open
landscape,mountain,american
landscape,mountain,barren
landscape,mountain,blue
landscape,mountain,green
landscape,mountain,natural
landscape,mountain,political
landscape,mountain,rocky
laptop,battery,black
laptop,battery,closed
laptop,battery,old
laptop,battery,open
laptop,battery,typical
laptop,battery,wireless
laptop,motherboard,old
laptop,motherboard,typical
lasso,noose,long
lasso,noose,magic
lawnmower,engine,broken
lawnmower,engine,distant
lawnmower,engine,electric
lawnmower,engine,old
lawnmower,engine,rotary
lawn,thatch,flat
lawn,thatch,grass
lawn,thatch,green
lawn,thatch,open
leaf,lobe,red
leaf,lobe,yellow
leaf,stile,dead
leg,ankle,affected
leg,ankle,broken
leg,ankle,injured
leg,cuff,injured
leg,fibula,broken
leg,shin,broken
leg,shin,injured
leg,thigh,affected
leg,thigh,artificial
leg,thigh,bent
leg,thigh,broken
leg,thigh,injured
lens,area,black
lens,area,colored
lens,area,cylindrical
lens,area,dark
lens,area,protective
lens,area,thin
letter,line,blue
letter,line,circular
letter,line,long
letter,line,orange
letter,line,private
letter,line,red
library,book,brown
library,book,free
library,book,national
library,book,personal
library,book,private
library,book,white
library,book,wooden
lid,lock,heavy
lid,lock,open
lid,lock,plastic
lid,lock,red
lid,lock,tight
lid,lock,wooden
limb,extremity,affected
limb,extremity,artificial
limb,extremity,dark
limb,extremity,injured
limb,extremity,posterior
limb,paw,affected
limb,paw,injured
limb,paw,thick
limb,stump,affected
limb,stump,bare
limb,stump,dark
limb,stump,dead
limb,stump,injured
limb,stump,posterior
limb,stump,thick
lock,bolt,long
lock,bolt,old
lock,bolt,rusty
locker,lock,empty
locker,lock,forward
locker,lock,open
locker,lock,private
locker,lock,yellow
lock,keyhole,old
lock,keyhole,rusty
lock,tumbler,long
lock,tumbler,old
locomotive,cab,green
locomotive,cab,old
locomotive,cab,ordinary
locomotive,cab,red
locomotive,cab,runaway
locomotive,cab,white
locomotive,fender,old
locomotive,stoker,american
locomotive,stoker,old
log,cab,brown
log,cab,huge
log,cab,old
machine,controller,automatic
machine,controller,electrical
machine,controller,old
machine,controller,virtual
machine,mechanism,automatic
machine,mechanism,black
machine,mechanism,electrical
machine,mechanism,old
machine,mechanism,red
machine,mechanism,virtual
magazine,cover,american
magazine,cover,colorful
magazine,cover,red
magazine,cover,white
magnet,pole,black
magnet,pole,natural
magnet,pole,powerful
magnet,pole,red
magnet,pole,strong
magnet,pole,suspended
mail,cover,regular
mail,cover,white
mail,letter,outgoing
mail,letter,regular
mail,letter,white
main,dos,spanish
male,penis,black
male,penis,human
mammal,coat,brown
mammal,coat,furry
mammal,coat,typical
mammal,hair,brown
mammal,hair,furry
mammal,hair,typical
manuscript,page,ancient
manuscript,page,old
manuscript,page,original
manuscript,page,precious
manuscript,page,unpublished
marmalade,sugar,english
marmalade,sugar,excellent
marmalade,sugar,homemade
marmalade,sugar,lemon
marshmallow,gelatin,hot
marshmallow,gelatin,white
marshmallow,sugar,hot
marshmallow,sugar,pink
marshmallow,sugar,roasted
marshmallow,sugar,white
marshmallow,water,giant
marshmallow,water,hot
marshmallow,water,pink
marshmallow,water,white
martini,olive,dirty
martini,olive,fresh
martini,olive,perfect
match,head,exact
match,head,perfect
match,head,spanish
match,head,suitable
match,matchstick,lighted
mattress,latex,black
mattress,latex,soft
mattress,latex,thin
mattress,latex,white
mattress,wool,black
mattress,wool,green
mattress,wool,hard
mattress,wool,old
mattress,wool,padded
mattress,wool,soft
mattress,wool,thin
mattress,wool,white
meal,dish,hearty
meal,dish,heavy
meal,dish,hot
meal,dish,light
meal,dish,simple
meal,dish,tasty
meal,drink,hearty
meal,drink,heavy
meal,drink,hot
meal,drink,light
meal,drink,simple
meal,drink,tasty
meal,sandwich,hearty
meal,sandwich,heavy
meal,sandwich,hot
meal,sandwich,light
meal,sandwich,simple
meal,sandwich,tasty
meal,sauce,chili
meal,sauce,hearty
meal,sauce,heavy
meal,sauce,hot
meal,sauce,light
meal,sauce,simple
meal,sauce,tasty
meal,soup,chili
meal,soup,hearty
meal,soup,heavy
meal,soup,hot
meal,soup,light
meal,soup,simple
meal,soup,tasty
meatball,meat,colored
meatball,meat,light
meatball,meat,poor
meatball,meat,spicy
meat,muscle,brown
meat,muscle,cold
meat,muscle,fresh
meat,muscle,lean
medicine,pharmacy,chinese
medicine,pharmacy,clinical
medicine,pharmacy,traditional
mediterranean,crete,ancient
mediterranean,crete,northwestern
mediterranean,malta,ancient
me,face,everyday
me,face,human
me,face,public
me,face,social
megaphone,loudspeaker,black
megaphone,loudspeaker,huge
megaphone,microphone,black
megaphone,microphone,electric
megaphone,microphone,electronic
megaphone,microphone,huge
megaphone,microphone,makeshift
member,bed,active
member,bed,honorable
microscope,lens,optical
microscope,lens,ordinary
microscope,lens,powerful
microscope,lens,scientific
microscope,lens,white
milkshake,milk,chocolate
milkshake,milk,familiar
milkshake,milk,flavored
milkshake,milk,thick
milkshake,milk,yellow
milk,water,fresh
milk,water,hot
milk,water,human
milk,whey,fresh
milk,whey,hot
milk,whey,human
mine,shaft,deep
mine,shaft,invisible
mine,shaft,old
mine,shaft,rich
mine,shaft,underground
mine,workshop,invisible
mine,workshop,old
mine,workshop,underground
missile,nose,black
missile,nose,red
missile,nose,yellow
missile,vane,red
molecule,chain,complex
molecule,chain,diatomic
molecule,chain,linear
molecule,chain,neutral
molecule,chain,organic
molecule,iron,complex
molecule,iron,neutral
molecule,iron,organic
mollusk,shellfish,bivalve
mollusk,shellfish,young
monitor,oscilloscope,external
monitor,panel,active
monitor,panel,external
monitor,panel,white
moose,antler,old
motherboard,bus,black
motherboard,bus,old
motherboard,bus,original
motherboard,bus,personal
motherboard,bus,typical
motorboat,boat,black
motorboat,boat,blue
motorboat,boat,distant
motorboat,boat,fast
motorboat,boat,powerful
motorboat,boat,white
motorboat,engine,black
motorboat,engine,blue
motorboat,engine,distant
motorboat,engine,fast
motorboat,engine,powerful
motorboat,helm,black
motorboat,windshield,black
motorcycle,saddle,black
motorcycle,saddle,indian
motorcycle,saddle,old
motorcycle,saddle,red
motorcycle,saddle,silver
motorcycle,saddle,used
mountain,mountainside,high
mountain,mountainside,rocky
mountain,mountainside,steep
mousse,egg,dark
mousse,egg,frozen
mousse,egg,lemon
mousse,egg,white
mouth,jaw,black
mouth,jaw,male
mouth,jaw,open
mouth,jaw,red
mouth,jaw,sore
mouth,jaw,wide
mouth,lip,black
mouth,lip,male
mouth,lip,open
mouth,lip,red
mouth,lip,sore
mouth,lip,wide
mouth,palate,black
mouth,palate,male
mouth,palate,open
mouth,palate,red
mouth,palate,sore
mouth,palate,wide
mouth,tooth,black
mouth,tooth,open
mouth,tooth,red
mouth,tooth,sore
mouth,tooth,wide
movie,scene,american
movie,scene,finished
movie,scene,old
movie,scene,popular
muffin,flour,brown
muffin,flour,hot
muzzle,snout,black
muzzle,snout,cold
muzzle,snout,long
muzzle,snout,pointed
muzzle,snout,short
muzzle,snout,white
nail,cuticle,red
nail,cuticle,rusty
nail,head,green
nail,head,long
nail,head,proximal
nail,head,red
nail,head,rusty
nail,head,short
nail,root,green
nail,root,long
nail,root,proximal
nail,root,red
nail,root,short
nameplate,editor,japanese
nameplate,editor,old
nameplate,editor,regular
nameplate,editor,white
nave,aisle,broad
nave,aisle,long
nave,aisle,old
nave,aisle,vast
nave,aisle,wide
neck,nape,white
neck,throat,human
neck,throat,long
neck,throat,narrow
neck,throat,short
neck,throat,skinny
neck,throat,stiff
neck,throat,white
neck,trachea,human
neck,trachea,long
neck,trachea,narrow
neck,trachea,short
needle,eye,blue
needle,eye,fine
needle,eye,grey
needle,eye,long
needle,eye,metal
needle,eye,white
neighbourhood,street,close
neighbourhood,street,dangerous
neighbourhood,street,near
neighbourhood,street,poor
net,grid,black
net,grid,fine
net,grid,mesh
net,grid,semantic
net,grid,social
net,grid,white
net,grid,wide
newlywed,bridegroom,happy
newlywed,bridegroom,young
newlywed,bride,happy
newlywed,bride,young
newspaper,column,american
newspaper,column,english
newspaper,column,folded
newspaper,column,national
newspaper,column,old
newspaper,column,weekly
newspaper,column,white
newspaper,coupon,weekly
nightgown,nightcap,clean
nightgown,nightcap,grey
nightgown,nightcap,long
nightgown,nightcap,pink
nightgown,nightcap,red
nightgown,nightcap,white
noose,slipknot,tight
nose,bridge,aquiline
nose,bridge,black
nose,bridge,broken
nose,bridge,human
nose,bridge,long
nose,bridge,red
nose,bridge,round
nose,cartilage,black
nose,cartilage,broken
nose,cartilage,human
nose,cartilage,long
notebook,cover,black
notebook,cover,blue
notebook,cover,closed
notebook,cover,old
notebook,cover,open
notebook,cover,red
note,flag,personal
note,flag,sticky
note,flag,white
note,flag,yellow
note,stem,brief
note,stem,short
note,stem,sticky
note,stem,white
note,stem,yellow
oar,blade,black
oar,blade,broken
oar,blade,heavy
oar,blade,long
oar,blade,red
oar,blade,thin
oar,blade,wooden
object,handle,blue
object,handle,brown
object,handle,external
object,handle,primary
object,handle,proper
object,handle,red
ocean,seaweed,blue
ocean,seaweed,deep
oilcan,nozzle,empty
oilcan,nozzle,long
olive,pit,dark
olive,pit,inferior
olive,pit,medial
olive,pit,red
olive,pit,superior
orchard,tree,commercial
orchard,tree,fine
orchard,tree,old
orchard,tree,olive
orchard,tree,young
organism,organ,biological
organism,organ,human
organism,organ,physical
organism,organ,social
organ,keyboard,black
organ,keyboard,white
organ,keyboard,wooden
organ,lobe,male
organ,lobe,white
organ,tissue,black
organ,tissue,male
organ,tissue,white
outskirt,suburb,remote
outskirt,suburb,wretched
ox,withers,young
padlock,shackle,heavy
padlock,shackle,rusty
palestine,judah,ancient
palestine,judah,independent
pancake,egg,brown
pancake,egg,decorated
pancake,egg,flat
pancake,egg,proverbial
pancake,egg,thick
pancake,egg,thin
pancake,egg,yellow
pancake,flour,brown
pancake,flour,dear
pancake,flour,thick
pancake,flour,thin
pancake,flour,yellow
pancake,milk,brown
pancake,milk,dear
pancake,milk,proverbial
pancake,milk,thick
pancake,milk,thin
pancake,milk,yellow
pantyhose,stocking,black
pantyhose,stocking,fishnet
pantyhose,stocking,old
pantyhose,stocking,tight
pantyhose,stocking,white
pantyhose,underpants,black
pantyhose,underpants,old
pantyhose,underpants,tight
pantyhose,underpants,white
parachute,canopy,blue
parachute,canopy,open
parachute,canopy,tiny
parachute,canopy,white
parachute,harness,blue
parachute,harness,tiny
parachute,harness,white
parachute,shroud,blue
parachute,shroud,tiny
parachute,shroud,white
paris,louvre,old
peach,pit,curious
peach,pit,fresh
peach,pit,yellow
pelvis,hip,bony
pelvis,hip,contracted
pelvis,hip,female
pendulum,string,equivalent
pendulum,string,golden
pendulum,string,long
pendulum,string,political
pen,ink,black
pen,ink,blue
pen,ink,ready
pen,ink,red
pen,ink,yellow
penis,foreskin,circumcised
penis,foreskin,human
penis,foreskin,male
penis,foreskin,retracted
penis,head,black
penis,head,circumcised
penis,head,erect
penis,head,flaccid
penis,head,human
penis,head,male
penis,head,retracted
people,human,american
people,human,old
people,human,young
perch,yard,high
person,brain,human
person,brain,responsible
person,chest,human
person,soul,human
person,soul,responsible
pesto,basil,fresh
pesto,basil,green
pesto,basil,italian
petroleum,diesel,light
petroleum,gasoline,american
petroleum,gasoline,crude
petroleum,gasoline,light
petroleum,gasoline,liquid
petroleum,gasoline,refined
petroleum,kerosene,american
petroleum,kerosene,crude
petroleum,kerosene,light
petroleum,kerosene,liquid
petroleum,kerosene,refined
piano,keyboard,black
piano,keyboard,electric
piano,keyboard,old
piano,keyboard,open
piano,lid,beautiful
piano,lid,black
piano,lid,brown
piano,lid,old
piano,lid,open
pig,snout,black
pig,snout,pink
pig,snout,white
pin,head,bent
pin,head,clear
pin,head,long
pin,head,white
pin,head,wooden
pint,cup,blue
pint,cup,brown
pint,cup,english
pint,cup,green
pint,cup,half
pint,cup,imperial
pint,cup,quick
pint,gill,blue
pint,gill,english
pint,gill,half
pipe,bowl,black
pipe,bowl,gray
pipe,bowl,long
pipe,bowl,old
pipe,bowl,plastic
pipe,bowl,short
pipe,bowl,straight
pipe,bowl,white
pipeline,pipe,bogus
pipeline,pipe,long
pipeline,pipe,metal
pipeline,pipe,natural
pipeline,pipe,white
pipe,mouthpiece,black
pipe,mouthpiece,long
pipe,mouthpiece,plastic
pipe,mouthpiece,straight
pipe,spout,long
pipe,spout,old
pipe,spout,plastic
pipe,spout,short
pipe,spout,straight
pipe,spout,white
pipe,stem,black
pipe,stem,gray
pipe,stem,long
pipe,stem,old
pipe,stem,plastic
pipe,stem,short
pipe,stem,silver
pipe,stem,straight
pipe,stem,white
piping,hose,long
piping,hose,plastic
piping,hose,red
piping,hose,white
piping,pipe,long
piping,pipe,plastic
piping,pipe,red
piping,pipe,shrill
piping,pipe,underground
piping,pipe,white
piping,plumbing,plastic
piping,plumbing,underground
piping,sleeve,long
piping,sleeve,plastic
piping,sleeve,red
piping,sleeve,white
piping,valve,long
piping,valve,plastic
piping,valve,red
pistol,hammer,black
pistol,hammer,cocked
pistol,hammer,empty
pistol,hammer,heavy
pistol,hammer,loaded
pistol,hammer,old
pistol,handle,black
pistol,handle,empty
pistol,handle,heavy
pistol,handle,old
pistol,magazine,black
pistol,magazine,empty
pistol,magazine,loaded
pistol,magazine,old
pistol,stock,black
pistol,stock,empty
pistol,stock,heavy
pistol,stock,old
pistol,trigger,cocked
pistol,trigger,heavy
pistol,trigger,old
pizza,dough,cold
pizza,dough,free
pizza,dough,frozen
pizza,dough,hot
pizza,dough,leftover
plane,blade,horizontal
plane,blade,vertical
plane,blade,white
plane,blade,yellow
plant,hood,green
plant,hood,old
plant,hood,young
plant,potato,old
plant,potato,young
plant,root,green
plant,root,old
plant,root,physical
plant,root,young
plate,lip,flat
plate,lip,round
plate,lip,thin
plate,lip,white
platform,computer,public
platform,plank,democratic
platform,plank,public
platform,plank,republican
platform,plank,wooden
playground,seesaw,old
playground,slide,dark
playground,slide,empty
playground,slide,green
playground,slide,old
plum,pit,political
plum,pit,red
popcorn,maize,free
popcorn,maize,fresh
popcorn,maize,hot
porcupine,quill,grey
porcupine,quill,huge
porridge,cereal,cold
porridge,cereal,hot
porridge,cereal,thick
porridge,cereal,thin
position,short,extreme
position,short,latter
potato,jacket,raw
potato,jacket,yellow
pottery,kiln,ancient
pottery,kiln,fine
pottery,kiln,roman
pretzel,flour,hot
propeller,hub,long
propeller,hub,spinning
propeller,hub,wooden
province,city,chinese
province,city,distant
province,city,roman
province,city,royal
publication,artwork,original
publication,text,official
publication,text,original
pulley,wheel,brown
pulley,wheel,driven
pulley,wheel,fixed
pulley,wheel,loose
pulley,wheel,movable
pulley,wheel,red
pulley,wheel,smooth
pump,cylinder,electric
pump,cylinder,mechanical
pump,cylinder,rotary
quarter,pound,old
quarter,stone,jewish
quarter,stone,old
quarter,stone,silver
quarter,stone,unexpected
quart,pint,english
quart,pint,imperial
quart,pint,liquid
quart,pint,low
radar,dish,british
radar,dish,german
radar,dish,primary
radar,dish,white
radar,oscilloscope,external
radio,antenna,black
radio,antenna,portable
radio,knob,black
radio,knob,white
radio,knob,yellow
rain,raindrop,cold
rain,raindrop,heavy
rampart,battlement,high
rampart,battlement,natural
rampart,battlement,old
ravioli,flour,cooked
ravioli,flour,fresh
ravioli,flour,homemade
ravioli,flour,italian
ravioli,flour,pumpkin
ravioli,flour,white
ravioli,flour,yellow
razor,blade,black
razor,blade,blue
razor,blade,disposable
razor,blade,open
razor,blade,sharp
receiver,antenna,black
receiver,antenna,optical
rectum,anus,distal
rectum,anus,human
rectum,anus,prolapsed
respiration,breathing,aerobic
respiration,breathing,spontaneous
respirator,mouthpiece,appropriate
respirator,mouthpiece,mechanical
respirator,mouthpiece,positive
restroom,toilet,accessible
restroom,toilet,black
restroom,toilet,clean
restroom,toilet,neat
restroom,toilet,private
restroom,toilet,public
restroom,toilet,tiny
retina,cone,human
retina,rod,human
retina,rod,vertebrate
revolver,cylinder,drawn
revolver,cylinder,heavy
revolver,cylinder,loaded
revolver,cylinder,old
revolver,hammer,cocked
revolver,hammer,heavy
revolver,hammer,loaded
revolver,hammer,old
revolver,handle,heavy
revolver,handle,old
revolver,trigger,cocked
revolver,trigger,heavy
revolver,trigger,old
rifle,bolt,heavy
rifle,bolt,loaded
rifle,bolt,long
rifle,bolt,massive
rifle,bolt,old
rifle,hammer,heavy
rifle,hammer,loaded
rifle,hammer,long
rifle,hammer,massive
rifle,hammer,old
rifle,hammer,pointed
rifle,handle,heavy
rifle,handle,long
rifle,handle,massive
rifle,handle,old
rifle,handle,pointed
rifle,trigger,heavy
rifle,trigger,long
rifle,trigger,old
rigging,yard,massive
rigging,yard,old
rigging,yard,tall
rigging,yard,tangled
ring,canvas,external
ring,canvas,golden
ring,canvas,inner
river,estuary,blue
river,estuary,broad
river,estuary,calm
river,estuary,fear
river,estuary,mighty
river,estuary,navigable
river,estuary,peaceful
river,estuary,wide
river,waterfall,broad
river,waterfall,mighty
river,waterfall,wide
road,crown,empty
road,crown,grey
road,crown,long
road,crown,narrow
road,crown,old
road,crown,open
road,shoulder,clean
road,shoulder,empty
road,shoulder,grey
road,shoulder,long
road,shoulder,narrow
road,shoulder,old
road,shoulder,open
road,turnpike,long
road,turnpike,old
robot,computer,autonomous
robot,computer,industrial
robot,computer,intelligent
robot,computer,mobile
rock,sugar,hard
rock,sugar,solid
rock,sugar,white
roof,eaves,flat
roof,eaves,green
roof,eaves,tiled
root,bark,deep
root,bark,firm
root,bark,orange
root,bark,thick
root,bark,thin
rope,wire,blue
rope,wire,long
rope,wire,old
rope,wire,red
rope,wire,striped
rope,wire,strong
rope,wire,thick
rope,wire,yellow
rope,yarn,blue
rope,yarn,long
rope,yarn,old
rope,yarn,red
rope,yarn,strong
rope,yarn,thick
rope,yarn,yellow
rose,hip,poor
rose,hip,red
rose,hip,white
rudder,tiller,broken
saddle,pommel,high
sailboat,bow,beautiful
sailboat,bow,black
sailboat,bow,blue
sailboat,bow,old
sailboat,bow,tall
sailboat,bow,tiny
sailboat,bow,white
sailboat,rudder,old
sailboat,rudder,tiny
sailboat,stern,black
sailboat,stern,old
sailboat,stern,tall
sail,reef,old
sail,reef,strange
sail,reef,white
saucepan,handle,black
saucepan,handle,blue
saucepan,handle,clean
saucepan,handle,heavy
saucepan,handle,silver
sausage,spice,dry
sausage,spice,fresh
scaffolding,scaffold,high
scaffolding,scaffold,red
scaffolding,scaffold,temporary
scaffolding,scaffold,tubular
scaffolding,scaffold,wooden
scene,confessional,contemporary
screw,bolt,binding
screw,bolt,black
screw,bolt,idle
screw,bolt,rusty
screwdriver,handle,black
screwdriver,handle,electric
screwdriver,handle,flat
screwdriver,handle,long
screwdriver,handle,red
screwdriver,handle,standard
screwdriver,handle,tiny
screwdriver,handle,yellow
screw,head,black
screw,head,idle
screw,head,rusty
screw,head,silver
scrotum,testicle,enlarged
scrotum,testicle,male
scythe,blade,crooked
scythe,blade,long
scythe,blade,old
scythe,blade,poor
scythe,blade,sharp
scythe,handle,crooked
scythe,handle,long
scythe,handle,old
scythe,handle,poor
scythe,stick,crooked
scythe,stick,long
scythe,stick,old
scythe,stick,poor
scythe,stick,sharp
sea,bay,blue
sea,bay,deep
sea,bay,heavy
sea,bay,open
sea,bay,territorial
sea,gulf,blue
sea,gulf,deep
sea,gulf,open
sea,inlet,blue
sea,inlet,deep
sea,inlet,open
seam,stitch,black
seam,stitch,french
seam,stitch,plain
seam,stitch,white
seaport,dock,busy
seaport,dock,important
seaport,dock,old
seaport,landing,important
seaport,landing,old
seat,upholstery,grey
seat,upholstery,white
sea,water,blue
sea,water,deep
sea,water,heavy
sea,water,open
sea,water,territorial
seed,kernel,fresh
seed,kernel,precious
seed,kernel,spiritual
seed,kernel,tiny
seed,kernel,white
semen,sperm,donor
semen,sperm,fresh
semen,sperm,frozen
semen,sperm,human
semen,sperm,male
sewer,drain,circular
sewer,drain,municipal
sewer,drain,open
sewer,drain,public
sewer,drain,sanitary
shell,projectile,cylindrical
shell,projectile,hard
shell,projectile,spherical
ship,bay,black
ship,bay,british
ship,bay,english
ship,bay,french
ship,bay,old
ship,bay,yellow
ship,bow,american
ship,bow,black
ship,bow,british
ship,bow,english
ship,bow,french
ship,bow,old
ship,bow,yellow
ship,bridge,american
ship,bridge,black
ship,bridge,british
ship,bridge,english
ship,bridge,french
ship,bridge,old
ship,bridge,yellow
ship,bulkhead,old
ship,deck,american
ship,deck,black
ship,deck,british
ship,deck,english
ship,deck,french
ship,deck,old
ship,deck,yellow
ship,fin,black
ship,fin,yellow
ship,forecastle,british
ship,forecastle,english
ship,forecastle,old
ship,galley,american
ship,galley,black
ship,galley,british
ship,galley,english
ship,galley,french
ship,galley,old
ship,galley,yellow
ship,helm,black
ship,helm,french
ship,helm,old
ship,hull,american
ship,hull,black
ship,hull,english
ship,hull,french
ship,hull,old
ship,hull,yellow
ship,lifeboat,american
ship,lifeboat,english
ship,lifeboat,old
ship,log,black
ship,log,old
ship,log,yellow
ship,rudder,old
ship,screw,american
ship,screw,black
ship,screw,english
ship,screw,french
ship,screw,old
ship,screw,yellow
ship,sheet,american
ship,sheet,black
ship,sheet,british
ship,sheet,english
ship,sheet,french
ship,sheet,old
ship,sheet,yellow
ship,skeleton,black
ship,skeleton,english
ship,skeleton,old
ship,skeleton,yellow
ship,stern,black
ship,stern,old
ship,stern,yellow
ship,top,black
ship,top,english
ship,top,old
ship,top,yellow
ship,winch,english
ship,winch,old
shirt,shirttail,white
shoe,counter,black
shoe,counter,brown
shoe,counter,hot
shoe,counter,old
shoe,counter,white
shoe,saddle,black
shoe,saddle,brown
shoe,saddle,hot
shoe,saddle,old
shoe,saddle,tight
shoe,saddle,white
shoe,throat,black
shoe,throat,brown
shoe,throat,hot
shoe,throat,old
shoe,throat,tight
shoe,throat,white
shoe,tongue,black
shoe,tongue,brown
shoe,tongue,hot
shoe,tongue,old
shoe,tongue,tight
shoe,tongue,white
shoe,tongue,womans
shoe,upper,black
shoe,upper,old
shoe,upper,tight
shoe,upper,white
shoot,flower,green
shoot,flower,long
shoot,flower,tall
shoot,flower,young
shore,beach,american
shore,beach,distant
shore,beach,far
shore,beach,green
shore,beach,rocky
shore,beach,sandy
shore,shoreline,american
shore,shoreline,distant
shore,shoreline,far
shore,shoreline,green
shore,shoreline,rocky
shore,shoreline,sandy
shoulder,armpit,bare
shovel,handle,gray
shovel,handle,hot
shovel,handle,long
shovel,handle,metal
shovel,handle,old
shovel,handle,wooden
shrimp,prawn,cooked
shrimp,prawn,fresh
shrimp,prawn,jumbo
shrimp,prawn,live
sickle,blade,flint
sickle,blade,golden
sickle,blade,old
sickle,blade,sharp
sickle,blade,thin
sickle,handle,golden
sickle,handle,old
sickle,handle,thin
skeleton,bone,facial
skeleton,bone,human
skeleton,bone,white
skeleton,joint,bony
skeleton,joint,human
skeleton,joint,white
skeleton,skull,bony
skeleton,skull,facial
skeleton,skull,human
skeleton,skull,white
skeleton,spine,bony
skeleton,spine,human
skeleton,spine,white
sketchbook,sketch,old
sketchbook,sketch,wretched
skin,epidermis,black
skin,epidermis,brown
skin,epidermis,dark
skin,epidermis,dry
skin,epidermis,human
skin,epidermis,rough
skin,epidermis,scaly
skin,epidermis,white
skin,freckle,dark
skin,scab,black
skin,scab,brown
skin,scab,dark
skin,scab,dry
skin,scab,white
skin,tissue,black
skin,tissue,brown
skin,tissue,dark
skin,tissue,dry
skin,tissue,human
skin,tissue,rough
skin,tissue,white
skirt,hemline,short
skirt,lap,black
skirt,lap,blue
skirt,lap,long
skirt,lap,short
skirt,lap,white
skirt,seat,black
skirt,seat,blue
skirt,seat,long
skirt,seat,short
skirt,seat,white
skull,cheekbone,fractured
skull,jaw,black
skull,jaw,fetal
skull,jaw,fractured
skull,jaw,human
skull,jaw,pink
skull,jaw,thick
sky,rainbow,clear
sky,rainbow,cloudy
sky,rainbow,dark
sled,runner,blue
sled,runner,green
sled,runner,heavy
sled,runner,old
sled,runner,red
sled,runner,wooden
sleeve,elbow,black
sleeve,elbow,inner
sleeve,elbow,white
sleeve,wristband,plastic
sleeve,wristband,white
smoke,gas,black
smoke,gas,blue
smoke,gas,dense
smoke,gas,thick
smoke,gas,white
smoke,puff,black
smoke,puff,blue
smoke,puff,thick
smoke,puff,white
snake,twin,dead
snout,cheek,black
snout,cheek,blonde
snout,cheek,brown
snout,cheek,long
snout,cheek,rounded
snout,cheek,white
snout,forehead,black
snout,forehead,blunt
snout,forehead,brown
snout,forehead,long
snout,forehead,pointed
snout,forehead,rounded
snout,forehead,short
snout,forehead,white
snout,mouth,black
snout,mouth,blunt
snout,mouth,brown
snout,mouth,long
snout,mouth,pointed
snout,mouth,rounded
snout,mouth,short
snout,mouth,white
snow,snowflake,melted
snow,snowflake,white
sofa,fabric,blue
sofa,fabric,comfortable
sofa,fabric,green
sofa,fabric,long
sofa,fabric,old
sofa,fabric,red
sofa,fabric,white
sole,ball,black
sole,ball,dirty
sole,ball,red
sole,ball,white
soup,meat,brown
soup,meat,clear
soup,meat,hot
soup,meat,orange
soup,meat,thick
soup,meat,yellow
soup,spice,hot
soup,spice,orange
soup,vegetable,hot
soup,vegetable,orange
soup,vegetable,yellow
sourdough,flour,added
sourdough,flour,fresh
sourdough,flour,old
south,carolina,extreme
south,carolina,rural
south,carolina,white
spacecraft,cabin,manned
spacecraft,cabin,white
spatula,blade,black
spatula,blade,blue
spatula,blade,hot
spatula,blade,metal
spatula,blade,plastic
spatula,blade,wide
spatula,blade,wooden
spear,stick,black
spear,stick,broken
spear,stick,heavy
spear,stick,long
spear,stick,sharp
spear,stick,short
spear,stick,yellow
spider,leg,black
spider,leg,blue
spider,leg,brown
spider,leg,huge
spider,leg,plastic
spleen,pulp,enlarged
spleen,pulp,human
stadium,stand,brown
stadium,stand,empty
stadium,stand,huge
stadium,stand,old
stadium,terrace,empty
stadium,terrace,huge
stadium,terrace,old
stairway,landing,black
stairway,landing,broad
stairway,landing,dark
stairway,landing,narrow
stairway,landing,steep
stairway,step,black
stairway,step,broad
stairway,step,dark
stairway,step,narrow
stairway,step,red
stairway,step,spiral
stairway,step,steep
stairway,step,tall
state,county,independent
state,county,white
steel,iron,blue
steel,iron,cold
steel,iron,hardened
stem,root,green
stem,root,long
stem,root,red
stem,root,short
stem,root,slender
stem,root,underground
stem,root,woody
stereo,amplifier,personal
stereo,amplifier,portable
stereo,amplifier,standard
stereo,speaker,old
stereo,speaker,personal
stereo,speaker,portable
stereo,speaker,standard
stock,water,brown
stock,water,long
stock,water,old
stock,water,original
stock,water,slender
stone,pound,black
storey,floor,high
storey,floor,intermediate
storey,floor,low
storey,floor,radiant
storey,floor,uppermost
stove,grate,black
stove,grate,electric
stove,grate,hot
stove,grate,old
stove,grate,warm
stream,ford,blue
stream,ford,continuous
stream,ford,rapid
street,house,busy
street,house,clean
street,house,long
street,house,narrow
street,house,public
street,house,quiet
streetlight,lamppost,black
streetlight,lamppost,distant
streetlight,lamppost,occasional
streetlight,lamppost,tall
street,road,busy
street,road,clean
street,road,long
street,road,narrow
street,road,paved
street,road,public
street,road,quiet
structure,plate,gray
structure,plate,internal
structure,plate,white
structure,wall,economic
structure,wall,gray
structure,wall,internal
structure,wall,political
structure,wall,white
submarine,periscope,german
submarine,sonar,american
sunlight,sunbeam,bright
sunlight,sunbeam,brilliant
sunlight,sunbeam,direct
sunlight,sunbeam,strong
sunlight,sunbeam,warm
sunlight,sunbeam,white
sushi,rice,brown
sushi,rice,excellent
sushi,rice,fresh
sushi,rice,japanese
sushi,rice,orange
sweater,neckband,white
sweater,wool,beige
sweater,wool,black
sweater,wool,blue
sweater,wool,gray
sweater,wool,heavy
sweater,wool,maroon
sweater,wool,red
sweater,wool,white
sword,blade,drawn
sword,blade,long
sword,blade,naked
sword,blade,sharp
sword,blade,short
sword,blade,white
sword,hilt,long
sword,hilt,white
syringe,bulb,ordinary
syringe,bulb,plastic
syringe,bulb,white
table,column,above
table,column,long
table,column,white
table,tableware,glass
table,tableware,metal
table,tableware,white
tableware,cutlery,disposable
tableware,cutlery,fine
tableware,cutlery,plastic
tableware,plate,ceramic
tableware,plate,disposable
tableware,plate,fine
tableware,plate,plastic
tableware,plate,porcelain
tableware,teacup,porcelain
taffy,sugar,hot
taffy,sugar,poor
taffy,sugar,soft
taffy,sugar,warm
tail,dock,long
tail,dock,short
tank,cannon,empty
tank,cannon,german
tank,cannon,hot
tart,pastry,baked
tart,pastry,lemon
tart,pastry,old
teacup,handle,broken
teacup,handle,cracked
teacup,handle,empty
teacup,handle,porcelain
teacup,handle,white
tear,water,fiscal
tear,water,foreign
tear,water,happy
tea,water,hot
tea,water,neat
tea,water,strong
telephone,handset,black
telephone,handset,mobile
telephone,mouthpiece,black
telephone,mouthpiece,long
telephone,receiver,beige
telephone,receiver,black
telephone,receiver,mobile
telephone,receiver,pink
telephone,receiver,public
telescope,aperture,close
telescope,aperture,high
telescope,lens,blue
telescope,lens,high
telescope,lens,powerful
television,monitor,american
television,monitor,black
television,monitor,gray
television,monitor,public
television,video,american
television,video,black
television,video,commercial
television,video,educational
television,video,long
television,video,public
television,video,widescreen
temple,column,ancient
temple,column,black
temple,column,greek
temple,column,holy
temple,column,indian
temple,column,old
temple,column,white
tent,guy,huge
tent,guy,old
tent,guy,red
tent,guy,white
tent,guy,yellow
terminal,keyboard,connected
terminal,keyboard,long
terminal,keyboard,white
terminal,mouse,white
terminal,workstation,connected
terminal,workstation,mobile
text,book,accompanying
text,book,biblical
text,book,black
text,book,dark
text,book,greek
text,book,latin
text,book,original
text,book,red
text,book,white
theater,battlefield,american
theater,battlefield,european
theater,battlefield,greek
theater,battlefield,old
theater,orchestra,american
theater,orchestra,european
theater,orchestra,greek
theater,orchestra,old
theater,stage,american
theater,stage,european
theater,stage,greek
theater,stage,old
theater,stage,yiddish
theater,theatre,american
theater,theatre,european
theater,theatre,greek
theater,theatre,old
theater,theatre,yiddish
thigh,femur,anterior
thigh,femur,lateral
thigh,femur,medial
thigh,femur,posterior
thigh,groin,anterior
thigh,groin,lateral
thigh,groin,medial
thigh,groin,posterior
thigh,hip,anterior
thigh,hip,inner
thigh,hip,lateral
thigh,hip,posterior
thorax,breast,anterior
thorax,breast,bony
thorax,breast,fetal
thorax,breast,human
thorax,breast,posterior
thorax,chest,anterior
thorax,chest,bony
thorax,chest,fetal
thorax,chest,human
thorax,chest,posterior
thorax,gallbladder,fetal
thorax,gallbladder,human
thorax,sternum,anterior
thorax,sternum,bony
thorax,sternum,fetal
thorax,sternum,human
thorax,sternum,posterior
thoroughfare,itinerary,busy
thoroughfare,itinerary,crowded
throat,tongue,dry
throat,tongue,parched
thumb,thumbnail,human
thunderstorm,hail,heavy
thunderstorm,hail,severe
thunderstorm,hail,sudden
thunderstorm,hail,terrific
thunderstorm,hail,violent
thunderstorm,lightning,heavy
thunderstorm,lightning,severe
thunderstorm,lightning,sudden
thunderstorm,lightning,terrific
thunderstorm,lightning,violent
thunderstorm,rain,heavy
thunderstorm,rain,severe
thunderstorm,rain,sudden
thunderstorm,rain,terrific
thunderstorm,rain,violent
thunderstorm,tornado,heavy
thunderstorm,tornado,severe
thunderstorm,tornado,sudden
thunderstorm,tornado,terrific
thunderstorm,tornado,violent
thunderstorm,wind,heavy
thunderstorm,wind,severe
thunderstorm,wind,sudden
thunderstorm,wind,terrific
thunderstorm,wind,violent
tobacco,leaf,american
tobacco,leaf,strong
toe,nail,inner
toe,nail,pointed
toe,nail,white
toe,toenail,inner
toffee,sugar,english
toffee,sugar,hot
toffee,sugar,soft
toffee,sugar,sticky
toffee,sugar,warm
tool,belt,black
tool,belt,crossed
tool,belt,important
tool,belt,metal
tool,belt,powerful
tool,belt,useful
tool,belt,valuable
tool,belt,yellow
tooth,crown,prepared
tooth,crown,straight
tooth,crown,white
tooth,pulp,affected
tooth,pulp,human
tooth,pulp,prepared
tooth,pulp,white
tooth,root,affected
tooth,root,human
tooth,root,prepared
tooth,root,straight
tooth,root,white
tooth,stump,affected
tooth,stump,prepared
tooth,stump,white
torso,abdomen,bare
torso,abdomen,black
torso,abdomen,female
torso,abdomen,human
torso,abdomen,long
torso,abdomen,naked
torso,back,bare
torso,back,black
torso,back,female
torso,back,gray
torso,back,human
torso,back,long
torso,back,naked
torso,belly,bare
torso,belly,black
torso,belly,female
torso,belly,gray
torso,belly,hairless
torso,belly,human
torso,belly,long
torso,belly,naked
torso,breast,bare
torso,breast,black
torso,breast,covered
torso,breast,female
torso,breast,gray
torso,breast,human
torso,breast,long
torso,breast,naked
torso,buttock,bare
torso,buttock,human
torso,buttock,naked
torso,chest,bare
torso,chest,black
torso,chest,covered
torso,chest,female
torso,chest,gray
torso,chest,hairless
torso,chest,human
torso,chest,long
torso,chest,naked
torso,haunch,bare
torso,haunch,black
torso,hip,bare
torso,hip,black
torso,hip,female
torso,hip,human
torso,hip,long
torso,hip,naked
torso,middle,bare
torso,middle,black
torso,middle,female
torso,middle,gray
torso,middle,human
torso,middle,long
torso,middle,naked
torso,ribcage,black
torso,shoulder,bare
torso,shoulder,black
torso,shoulder,female
torso,shoulder,gray
torso,shoulder,human
torso,shoulder,long
torso,shoulder,naked
torso,side,bare
torso,side,black
torso,side,covered
torso,side,female
torso,side,gray
torso,side,hairless
torso,side,human
torso,side,long
torso,side,naked
torso,thorax,black
torso,thorax,female
torso,thorax,gray
torso,thorax,human
torso,thorax,long
torso,thorax,naked
torso,waist,bare
torso,waist,black
torso,waist,female
torso,waist,human
torso,waist,long
torso,waist,naked
tortellini,wheat,ready
towel,thread,clean
towel,thread,damp
towel,thread,sterile
towel,thread,wet
towel,thread,white
towel,thread,yellow
transmitter,antenna,old
transmitter,antenna,powerful
transmitter,antenna,wireless
transportation,pickup,cheap
transportation,pickup,free
transportation,pickup,rapid
transportation,pickup,red
trap,bait,deadly
trap,bait,light
trap,bait,liquid
trap,bait,old
treadmill,motor,blue
treadmill,motor,economic
treadmill,motor,old
tree,crown,green
tree,crown,hollow
tree,crown,old
tree,crown,tall
tripod,leg,black
tripod,leg,golden
tripod,leg,metal
tripod,leg,one
tripod,leg,sturdy
tripod,leg,wooden
trumpet,bell,blue
trumpet,bell,brazen
trumpet,bell,long
trumpet,bell,loud
trumpet,bell,muted
trumpet,valve,long
trumpet,valve,loud
tube,grid,blue
tube,grid,clear
tube,grid,white
tube,plate,blue
tube,plate,clear
tube,plate,long
tube,plate,metal
tube,plate,tall
tube,plate,white
tugboat,helm,old
tugboat,helm,passive
tunnel,shaft,blue
tunnel,shaft,dark
tunnel,shaft,long
tunnel,shaft,narrow
tunnel,shaft,underground
tunnel,shaft,white
turbine,blade,axial
turbine,blade,high
turbine,blade,low
turbine,blade,metal
turbine,blade,red
turbine,blade,simple
typewriter,carriage,antique
typewriter,carriage,black
typewriter,carriage,old
typewriter,carriage,portable
typewriter,carriage,standard
typewriter,keyboard,black
typewriter,keyboard,manual
typewriter,keyboard,old
typewriter,keyboard,portable
typewriter,keyboard,standard
typewriter,ribbon,black
typewriter,ribbon,old
umbrella,gore,black
umbrella,gore,green
umbrella,gore,red
universe,earth,infinite
universe,earth,moral
universe,earth,physical
universe,earth,vast
universe,earth,visible
universe,world,infinite
universe,world,moral
universe,world,physical
universe,world,vast
universe,world,visible
university,campus,american
university,campus,german
university,campus,national
university,campus,private
university,campus,public
upper,quarter,extreme
upper,quarter,reasonable
uterus,cervix,enlarged
uterus,cervix,gravid
uterus,cervix,human
uterus,cervix,pregnant
uterus,placenta,enlarged
uterus,placenta,human
vagina,clitoris,female
vagina,clitoris,human
vagina,hymen,artificial
vagina,hymen,female
vagina,hymen,human
vagina,hymen,posterior
vault,boss,high
vessel,anchor,american
vessel,anchor,blue
vessel,anchor,british
vessel,anchor,english
vessel,base,american
vessel,base,blue
vessel,base,british
vessel,base,closed
vessel,base,earthen
vessel,base,english
vessel,base,made
vessel,bow,american
vessel,bow,blue
vessel,bow,british
vessel,bow,english
vessel,brim,blue
vinegar,water,brown
vinegar,water,hot
vinegar,water,red
vinegar,water,strong
vinegar,water,white
vise,jaw,giant
vise,jaw,powerful
vise,jaw,tight
vodka,ethanol,straight
waffle,batter,brown
waffle,batter,crisp
waffle,batter,hot
wall,arch,anterior
wall,arch,green
wall,arch,grey
wall,arch,high
wall,arch,lateral
wall,arch,posterior
wall,arch,white
wall,doorway,green
wall,doorway,grey
wall,doorway,high
wall,doorway,lateral
wall,doorway,white
wall,pier,anterior
wall,pier,grey
wall,pier,high
wall,pier,white
wardrobe,shirt,old
wardrobe,shirt,royal
wardrobe,shirt,scanty
wardrobe,shirt,yellow
watch,crystal,black
watch,crystal,pink
watch,crystal,sharp
watch,crystal,white
waterfall,cliff,beautiful
waterfall,cliff,distant
waterfall,cliff,fine
waterfall,cliff,frozen
waterfall,cliff,high
waterfall,cliff,white
waterfall,cliff,wide
waterfall,water,beautiful
waterfall,water,distant
waterfall,water,fine
waterfall,water,frozen
waterfall,water,high
waterfall,water,white
waterfall,water,wide
weaponry,weapon,advanced
weaponry,weapon,atomic
weaponry,weapon,conventional
weaponry,weapon,sophisticated
weaponry,weapon,soviet
weather,fog,dry
weather,fog,fine
weather,fog,rainy
weather,fog,warm
weather,frost,dry
weather,frost,fine
weather,frost,sunny
weather,rain,dry
weather,rain,fine
weather,rain,nice
weather,rain,rainy
weather,rain,sunny
weather,rain,warm
weather,snow,dry
weather,snow,fine
weather,snow,nice
weather,snow,rainy
weather,snow,sunny
weather,snow,warm
weather,storm,dry
weather,storm,fine
weather,storm,nice
weather,storm,rainy
weather,storm,sunny
weather,storm,warm
west,northwest,extreme
west,northwest,far
west,northwest,old
wheelchair,seat,black
wheelchair,seat,electric
wheelchair,seat,standard
wheelchair,seat,white
wheelchair,wheel,black
wheelchair,wheel,electric
wheelchair,wheel,manual
wheelchair,wheel,powered
wheelchair,wheel,standard
wheelchair,wheel,white
whip,lash,black
whip,lash,heavy
whip,lash,long
whip,lash,rawhide
whip,lash,red
whip,lash,short
whip,stock,black
whip,stock,cool
whip,stock,democratic
whip,stock,heavy
whip,stock,long
whip,stock,red
whip,stock,short
white,green,dead
white,green,old
white,green,poor
white,green,pure
white,green,white
white,green,young
white,orange,dead
white,orange,old
white,orange,poor
white,orange,pure
white,orange,white
white,orange,young
white,violet,old
white,violet,poor
white,violet,pure
white,violet,white
white,violet,young
whitey,cracker,old
whitey,cracker,poor
whorehouse,whore,cheap
whorehouse,whore,chinese
whorehouse,whore,french
whorehouse,whore,mexican
whorehouse,whore,old
wicket,stump,open
wicket,stump,wet
windmill,blade,black
windmill,blade,horizontal
windmill,blade,old
windmill,blade,tall
windmill,blade,white
window,casing,broken
window,casing,high
window,casing,open
window,sash,broken
window,sash,brown
window,sash,high
window,sash,open
wine,grape,old
wine,grape,sweet
wing,rib,broken
wing,rib,white
world,human,ancient
world,human,external
world,human,natural
world,human,outside
world,human,physical
wrap,tortilla,white
wreath,flower,golden
wreath,flower,green
wreath,flower,olive
wrench,jaw,yellow
yard,foot,grassy
yard,foot,green
yard,foot,open
yard,foot,short
yard,foot,stable
yard,foot,wide
yogurt,milk,fat
yogurt,milk,natural
yogurt,milk,nonfat
yogurt,milk,plain
youth,bloom,american
youth,bloom,black
youth,bloom,blue
youth,bloom,eternal
yugoslavia,danube,old
zipper,teeth,black
zipper,teeth,broken
zipper,teeth,closed
zipper,teeth,gray
zipper,teeth,invisible
zipper,teeth,long
zipper,teeth,metal
zipper,teeth,old
zipper,teeth,open
