whole,part,jj,result1,result2,result3,result4,result5
man,chain,poor,unrelated,pjj-nonsense,probably,probably
background,cloud,white,unrelated,unrelated,unrelated,guaranteed,unrelated
background,cloud,social,pjj-nonsense,impossible,impossible,impossible,pjj-nonsense
field,section,open,pjj-nonsense,pjj-nonsense,probably,guaranteed,probably
field,section,grassy,guaranteed,probably,probably,guaranteed,probably
field,section,external,pjj-nonsense,guaranteed,guaranteed,guaranteed,guaranteed
field,section,empty,pjj-nonsense,guaranteed,unrelated,guaranteed,guaranteed
field,section,overgrown,pjj-nonsense,probably,unrelated,guaranteed,guaranteed
wall,spot,high,wjj-nonsense,unrelated,unrelated,unrelated
wall,spot,posterior,guaranteed,guaranteed,unrelated,guaranteed
wall,spot,white,unrelated,unrelated,impossible,probably
wall,spot,anterior,guaranteed,guaranteed,unrelated,guaranteed
wall,spot,lateral,unrelated,unrelated,unrelated,guaranteed
wing,flap,white,probably,unrelated,probably,probably
wing,flap,broken,unrelated,unrelated,probably,probably
branch,twig,brown,guaranteed,guaranteed,guaranteed
branch,twig,long,probably,unrelated,unrelated
branch,twig,thin,probably,guaranteed,guaranteed
branch,twig,anterior,guaranteed,guaranteed,unrelated
branch,twig,smooth,probably,unrelated,unrelated
case,wheel,latter,wjj-nonsense,pjj-nonsense,wjj-nonsense,pjj-nonsense,pjj-nonsense
case,wheel,black,guaranteed,unrelated,probably,unrelated,unrelated
case,wheel,above,guaranteed,pjj-nonsense,impossible,guaranteed,pjj-nonsense
tree,branch,green,unlikely,unlikely,probably,unlikely
tree,branch,old,guaranteed,probably,probably,probably
tree,branch,tall,probably,probably,unrelated,probably
tree,branch,bronchial,probably,pjj-nonsense,pjj-nonsense,pw-nonsense
tree,branch,hollow,impossible,unlikely,unlikely,unlikely
banana,patch,wild,guaranteed,guaranteed,guaranteed,pjj-nonsense,guaranteed
banana,patch,green,unrelated,impossible,probably,probably,impossible
girl,camera,beautiful,unrelated,unrelated,unrelated,unrelated
girl,camera,poor,pjj-nonsense,unrelated,probably,pjj-nonsense
girl,camera,old,unrelated,unrelated,unrelated,unrelated
elephant,reflection,wild,guaranteed,impossible,guaranteed,unrelated
elephant,reflection,red,impossible,unrelated,guaranteed,unlikely
girl,belt,beautiful,unrelated,unrelated,unrelated,unrelated
girl,belt,pretty,unrelated,unrelated,unrelated,unrelated
girl,belt,old,unrelated,unrelated,unrelated,unrelated
bus,rim,external,guaranteed,wjj-nonsense,guaranteed,unrelated
bus,rim,old,probably,unrelated,probably,probably
bus,rim,yellow,unlikely,unlikely,unlikely,unlikely
person,eye,responsible,unrelated,pjj-nonsense,pjj-nonsense
person,eye,human,guaranteed,impossible,probably
bus,bottom,old,guaranteed,guaranteed,guaranteed,guaranteed
bus,bottom,public,guaranteed,guaranteed,guaranteed,guaranteed
bus,bottom,black,probably,unrelated,unrelated,probably
woman,jewelry,beautiful,unrelated,unrelated,unrelated,unrelated
photo,horse,aerial,pjj-nonsense,impossible,impossible,impossible,impossible
photo,horse,old,unrelated,guaranteed,unrelated,guaranteed,unrelated
photo,horse,original,pjj-nonsense,unrelated,pjj-nonsense,guaranteed,unrelated
photo,horse,above,pjj-nonsense,unrelated,pjj-nonsense,unlikely,unrelated
flower,stem,lotus,guaranteed,guaranteed,unrelated,guaranteed
flower,stem,white,impossible,unlikely,unrelated,impossible
flower,stem,beautiful,unrelated,probably,probably,unrelated
flower,stem,dark,unrelated,unrelated,probably,unrelated
sink,hole,grey,impossible,probably,unrelated
sink,hole,old,probably,guaranteed,probably
sink,hole,clean,pjj-nonsense,probably,probably
sink,hole,dry,pjj-nonsense,probably,guaranteed
wall,rock,white,probably,guaranteed,probably,guaranteed
wall,rock,high,guaranteed,wjj-nonsense,unlikely,guaranteed
giraffe,pattern,brown,guaranteed,probably,guaranteed
giraffe,pattern,young,guaranteed,guaranteed,guaranteed
giraffe,pattern,reticulated,wjj-nonsense,probably,pjj-nonsense
giraffe,pattern,tall,guaranteed,unrelated,pjj-nonsense
giraffe,pattern,nascent,wjj-nonsense,pjj-nonsense,pjj-nonsense
boat,tarp,white,guaranteed,unrelated,unrelated,unrelated
boat,tarp,old,guaranteed,unrelated,unrelated,probably
boat,tarp,open,probably,wjj-nonsense,impossible,impossible
panda,leg,young,guaranteed,guaranteed,guaranteed
panda,leg,white,impossible,unrelated,probably
panda,leg,female,impossible,guaranteed,guaranteed
light,pole,bright,unrelated,guaranteed,unlikely,pjj-nonsense
light,pole,white,unrelated,unrelated,unrelated,unrelated
building,bell,public,probably,guaranteed,unlikely,guaranteed
building,bell,original,probably,guaranteed,probably,probably
building,bell,old,probably,guaranteed,probably,probably
building,bell,tall,unrelated,unrelated,unrelated,guaranteed
building,bell,fine,pjj-nonsense,unrelated,probably,probably
baby,hat,grey,unrelated,unrelated,unrelated,unrelated
baby,hat,poor,pjj-nonsense,probably,unrelated,pjj-nonsense
train,red,red,guaranteed,guaranteed,guaranteed
train,red,slow,pjj-nonsense,impossible,guaranteed
train,red,electric,pjj-nonsense,impossible,probably
train,red,long,guaranteed,unrelated,probably
people,ear,young,guaranteed,guaranteed,guaranteed,guaranteed
people,ear,old,guaranteed,guaranteed,guaranteed,guaranteed
people,ear,american,guaranteed,guaranteed,guaranteed,guaranteed
woman,chest,beautiful,unrelated,unrelated,unrelated,probably,probably
woman,chest,poor,guaranteed,pjj-nonsense,pjj-nonsense,unrelated,guaranteed
girl,nose,beautiful,unrelated,probably,probably,guaranteed
girl,nose,pretty,unrelated,probably,probably,guaranteed
girl,nose,poor,pjj-nonsense,unrelated,pjj-nonsense,guaranteed
girl,nose,old,guaranteed,guaranteed,guaranteed,guaranteed
people,coat,young,unrelated,unrelated,unrelated
people,coat,old,unrelated,unrelated,unrelated
people,coat,american,unrelated,unrelated,unrelated
kid,helmet,nice,unrelated,unrelated,unrelated
kid,helmet,white,unrelated,unrelated,unrelated
horizon,tree,distant,guaranteed,probably,probably,guaranteed
horizon,tree,white,impossible,probably,impossible,unlikely
horizon,tree,calm,guaranteed,pjj-nonsense,unrelated,probably
horizon,tree,political,unrelated,pjj-nonsense,pjj-nonsense,pjj-nonsense
horizon,tree,mental,guaranteed,pjj-nonsense,pjj-nonsense,pjj-nonsense
horizon,tree,far,guaranteed,probably,probably,probably
woman,forehead,beautiful,probably,unrelated,probably
woman,forehead,poor,unrelated,pjj-nonsense,pjj-nonsense
wall,logo,white,unrelated,unlikely,impossible,unrelated,unlikely
umbrella,color,white,guaranteed,guaranteed,probably,guaranteed,guaranteed
umbrella,color,open,pjj-nonsense,pjj-nonsense,pjj-nonsense,guaranteed,guaranteed
library,window,free,pjj-nonsense,unrelated,pjj-nonsense,pjj-nonsense,impossible
library,window,white,unlikely,unrelated,unlikely,unlikely,unrelated
library,window,private,unrelated,guaranteed,guaranteed,guaranteed,unlikely
library,window,wooden,unrelated,unrelated,unlikely,unlikely,probably
library,window,national,pjj-nonsense,guaranteed,pjj-nonsense,guaranteed,impossible
library,window,personal,pjj-nonsense,guaranteed,probably,guaranteed,impossible
floor,rug,brown,unrelated,unrelated,unrelated,unlikely
floor,rug,bare,impossible,probably,impossible,probably
hillside,grass,low,pjj-nonsense,guaranteed,guaranteed,probably
hillside,grass,green,guaranteed,guaranteed,guaranteed,probably
hillside,grass,steep,pjj-nonsense,guaranteed,guaranteed,probably
hillside,grass,open,pjj-nonsense,guaranteed,guaranteed,probably
laptop,light,typical,probably,unrelated,probably,guaranteed
laptop,light,old,probably,probably,guaranteed,guaranteed
laptop,light,black,unrelated,impossible,impossible,impossible
laptop,light,open,unlikely,unrelated,impossible,impossible
man,gun,poor,pjj-nonsense,unrelated,pjj-nonsense,impossible
ramp,edge,metal,guaranteed,guaranteed,probably,probably
ramp,edge,concrete,guaranteed,guaranteed,probably,probably
ramp,edge,off,probably,pjj-nonsense,pjj-nonsense,guaranteed
ramp,edge,silver,probably,guaranteed,probably,probably
ramp,edge,long,guaranteed,guaranteed,guaranteed,guaranteed
ramp,edge,steep,guaranteed,pjj-nonsense,probably,guaranteed
ramp,edge,linear,unlikely,guaranteed,probably,guaranteed
surfer,shirt,male,probably,pjj-nonsense,impossible,pjj-nonsense,impossible
pond,water,frozen,guaranteed,guaranteed,guaranteed
pond,water,shallow,guaranteed,guaranteed,guaranteed
pond,water,muddy,guaranteed,guaranteed,guaranteed
pond,water,lotus,pjj-nonsense,wjj-nonsense,guaranteed
pond,water,old,probably,probably,guaranteed
pond,water,stagnant,guaranteed,guaranteed,guaranteed
pond,water,concrete,pjj-nonsense,impossible,pjj-nonsense
woman,smile,elderly,pjj-nonsense,guaranteed,guaranteed,guaranteed
woman,smile,poor,pjj-nonsense,unrelated,pjj-nonsense,impossible
woman,smile,beautiful,probably,guaranteed,probably,guaranteed
bear,snout,white,unlikely,probably,probably,unrelated
cooler,drink,red,unrelated,unrelated,unrelated,unrelated,unrelated
face,fur,handsome,unrelated,pjj-nonsense,guaranteed,guaranteed
face,fur,light,unrelated,guaranteed,guaranteed,guaranteed
face,fur,beautiful,unrelated,pjj-nonsense,guaranteed,guaranteed
face,fur,yellow,unrelated,guaranteed,guaranteed,guaranteed
animal,beak,brown,unrelated,unrelated,probably,unlikely
animal,beak,young,guaranteed,guaranteed,guaranteed,guaranteed
elephant,eyelash,grey,unlikely,probably,probably,unlikely
people,pant,old,unrelated,unlikely,unrelated,unrelated,unrelated
sailboat,mast,white,probably,unrelated,probably,unrelated
sailboat,mast,old,probably,probably,probably,probably
sailboat,mast,tall,guaranteed,guaranteed,guaranteed,guaranteed
sailboat,mast,tiny,guaranteed,probably,probably,unlikely
sailboat,mast,solitary,wjj-nonsense,guaranteed,probably,guaranteed
duck,breast,fat,guaranteed,guaranteed,probably,guaranteed
duck,breast,white,guaranteed,probably,probably,probably
motorcycle,brake,red,unrelated,unrelated,probably,pjj-nonsense,probably
motorcycle,brake,old,probably,probably,probably,unrelated,probably
lamb,back,young,guaranteed,guaranteed,guaranteed,guaranteed
lamb,back,white,guaranteed,guaranteed,probably,guaranteed
lamb,back,poor,pjj-nonsense,unrelated,guaranteed,guaranteed
lamb,back,fetal,guaranteed,guaranteed,unrelated,guaranteed
hand,food,strong,pjj-nonsense,impossible,unrelated,unrelated,pjj-nonsense
hand,food,human,impossible,impossible,impossible,impossible,impossible
hand,food,open,unrelated,unrelated,unrelated,unrelated,impossible
goose,eye,fat,unlikely,impossible,unrelated,unlikely
goose,eye,white,impossible,unlikely,probably,unrelated
goose,eye,golden,impossible,unlikely,probably,unrelated
goose,eye,wild,pjj-nonsense,guaranteed,guaranteed,guaranteed
goose,eye,old,guaranteed,guaranteed,guaranteed,guaranteed
goose,eye,silly,pjj-nonsense,unrelated,pjj-nonsense,unrelated
tree,apple,green,unrelated,unrelated,unrelated,unrelated
tree,apple,old,unlikely,impossible,unlikely,unlikely
cup,wine,hot,unlikely,wjj-nonsense,unrelated,guaranteed,probably
cup,wine,black,unrelated,unlikely,unrelated,unrelated,unrelated
cup,wine,empty,impossible,guaranteed,unlikely,guaranteed,guaranteed
wall,molding,white,unrelated,unlikely,unrelated
wall,molding,high,pjj-nonsense,guaranteed,unlikely
boy,dog,young,unrelated,unrelated,unrelated,unrelated
boy,dog,nice,unrelated,unrelated,unrelated,unrelated
boy,dog,dear,unrelated,unrelated,probably,unrelated
television,screen,public,guaranteed,guaranteed,guaranteed,guaranteed
television,screen,black,unrelated,unrelated,unrelated,unlikely
television,screen,long,guaranteed,guaranteed,guaranteed,probably
television,screen,commercial,guaranteed,guaranteed,guaranteed,guaranteed
television,screen,american,probably,guaranteed,guaranteed,guaranteed
television,screen,national,probably,guaranteed,guaranteed,guaranteed
bottle,beer,broken,impossible,pjj-nonsense,impossible,guaranteed,impossible
bottle,beer,white,unrelated,unrelated,unrelated,unlikely,impossible
bottle,beer,hot,guaranteed,guaranteed,guaranteed,guaranteed,guaranteed
bottle,beer,empty,impossible,guaranteed,guaranteed,guaranteed,guaranteed
bathtub,faucet,old,unrelated,probably,probably,probably,probably
cat,paw,white,probably,probably,probably,probably
cat,paw,old,guaranteed,guaranteed,guaranteed,guaranteed
window,screen,square,guaranteed,guaranteed,guaranteed,probably,guaranteed
window,screen,clean,unrelated,unrelated,unrelated,probably,unrelated
window,screen,high,guaranteed,probably,guaranteed,guaranteed,guaranteed
window,screen,brown,unrelated,unrelated,unlikely,unrelated,unrelated
window,screen,broken,unrelated,probably,unlikely,unrelated,unrelated
window,screen,open,unrelated,pjj-nonsense,unrelated,unrelated,unrelated
bus,stripe,old,probably,probably,unrelated,probably
bus,stripe,black,impossible,unlikely,unlikely,unlikely
flower,petal,lotus,guaranteed,guaranteed,guaranteed,guaranteed,guaranteed
flower,petal,white,unlikely,guaranteed,probably,guaranteed,guaranteed
leaf,tree,green,unlikely,probably,probably,probably
leaf,tree,succulent,probably,unlikely,guaranteed,probably
leaf,tree,dead,unrelated,unrelated,unrelated,unlikely
leaf,tree,dry,unrelated,probably,probably,probably
truck,back,white,probably,probably,probably
truck,back,old,probably,guaranteed,guaranteed
truck,back,open,unrelated,guaranteed,guaranteed
jar,cap,clean,probably,probably,guaranteed
jar,cap,white,unrelated,unrelated,unrelated
jar,cap,homemade,probably,probably,probably
jar,cap,sealed,probably,guaranteed,guaranteed
jar,cap,empty,impossible,probably,guaranteed
player,hand,defensive,pjj-nonsense,guaranteed,guaranteed,probably
player,hand,key,probably,probably,probably,probably
player,hand,red,probably,guaranteed,unlikely,unlikely
player,hand,poor,pjj-nonsense,probably,guaranteed,pjj-nonsense
player,hand,professional,pjj-nonsense,guaranteed,guaranteed,guaranteed
player,hand,offensive,pjj-nonsense,guaranteed,guaranteed,probably
glass,temple,broken,unlikely,probably,impossible,probably
glass,temple,clear,unlikely,unlikely,impossible,unlikely
glass,temple,empty,impossible,pjj-nonsense,impossible,probably
vehicle,mirror,primary,pjj-nonsense,probably,guaranteed,guaranteed
vehicle,mirror,yellow,unlikely,unrelated,unlikely,probably
vehicle,mirror,electric,unlikely,probably,probably,probably
vehicle,mirror,suitable,unrelated,unrelated,probably,guaranteed
motorbike,mirror,grey,guaranteed,unrelated,unrelated,probably
motorbike,mirror,old,probably,probably,probably,probably
motorbike,mirror,powerful,pjj-nonsense,unrelated,unlikely,unrelated
motorbike,mirror,famous,pjj-nonsense,guaranteed,unlikely,guaranteed
motorbike,mirror,lightweight,probably,probably,guaranteed,probably
guy,tie,nice,unrelated,pjj-nonsense,unrelated,unrelated
guy,tie,old,unrelated,unrelated,unrelated,unrelated
guy,tie,poor,pjj-nonsense,probably,unrelated,probably
table,pizza,white,unrelated,unlikely,unlikely,impossible
horse,part,blue,unrelated,probably,probably
horse,part,hooked,impossible,guaranteed,pjj-nonsense
horse,part,dead,guaranteed,guaranteed,guaranteed
horse,part,old,guaranteed,guaranteed,guaranteed
horse,part,attached,guaranteed,guaranteed,guaranteed
woman,face,elderly,probably,guaranteed,guaranteed,guaranteed
woman,face,poor,pjj-nonsense,pjj-nonsense,unrelated,guaranteed
woman,face,beautiful,probably,probably,guaranteed,guaranteed
bowl,bean,golden,unrelated,unrelated,impossible,unrelated,unrelated
bowl,bean,empty,impossible,guaranteed,guaranteed,guaranteed,impossible
giraffe,jaw,young,guaranteed,guaranteed,guaranteed,guaranteed
lamb,ear,fetal,guaranteed,guaranteed,guaranteed,guaranteed
lamb,ear,white,guaranteed,probably,probably,probably
lamb,ear,young,guaranteed,guaranteed,guaranteed,guaranteed
lamb,ear,poor,pjj-nonsense,guaranteed,unrelated,pjj-nonsense
lamb,ear,immature,pjj-nonsense,guaranteed,guaranteed,guaranteed
sign,person,negative,probably,unlikely,probably,wjj-nonsense,unrelated
sign,person,black,unrelated,unrelated,unrelated,unrelated,unlikely
sign,person,sure,pjj-nonsense,pjj-nonsense,wjj-nonsense,probably,unrelated
sign,person,outward,pjj-nonsense,pjj-nonsense,guaranteed,pjj-nonsense,guaranteed
sign,person,positive,probably,probably,probably,unrelated,unrelated
window,line,square,impossible,unrelated,probably,impossible
window,line,clean,probably,probably,probably,guaranteed
window,line,high,pjj-nonsense,guaranteed,probably,guaranteed
window,line,brown,unrelated,unrelated,probably,probably
window,line,broken,probably,unrelated,guaranteed,unlikely
window,line,open,pjj-nonsense,unlikely,unrelated,probably
tree,hole,green,impossible,unlikely,unlikely,unlikely
tree,hole,old,probably,probably,guaranteed,unrelated
tree,hole,tall,unrelated,unrelated,impossible,unlikely
tree,hole,hollow,guaranteed,unrelated,guaranteed,impossible
wave,ripple,white,unlikely,guaranteed,guaranteed,probably
puppy,face,white,probably,unrelated,unrelated,probably
puppy,face,newborn,guaranteed,guaranteed,guaranteed,guaranteed
puppy,face,young,guaranteed,guaranteed,guaranteed,guaranteed
puppy,face,stuffed,pjj-nonsense,unrelated,guaranteed,guaranteed
puppy,face,sick,guaranteed,probably,unlikely,guaranteed
puppy,face,lost,guaranteed,guaranteed,guaranteed,guaranteed
airport,window,alternate,pjj-nonsense,pjj-nonsense,pjj-nonsense,pjj-nonsense
airport,window,busy,pjj-nonsense,probably,unlikely,probably
airport,window,long,unrelated,unrelated,probably,unrelated
airport,window,terminal,pjj-nonsense,pjj-nonsense,pjj-nonsense,impossible
man,arm,poor,pjj-nonsense,pjj-nonsense,unrelated,impossible
kid,jacket,smart,unrelated,pjj-nonsense,unrelated,pjj-nonsense
kid,jacket,nice,unrelated,pjj-nonsense,unrelated,unrelated
kid,jacket,white,unrelated,unrelated,unrelated,unrelated
kid,jacket,young,unrelated,unrelated,probably,probably
kid,jacket,poor,unrelated,pjj-nonsense,unrelated,pjj-nonsense
light,face,lit,guaranteed,guaranteed,guaranteed,guaranteed,guaranteed
light,face,bright,guaranteed,guaranteed,guaranteed,guaranteed,guaranteed
light,face,white,unlikely,unrelated,guaranteed,guaranteed,unrelated
light,face,dim,guaranteed,guaranteed,guaranteed,guaranteed,guaranteed
tennis court,line,outdoor,guaranteed,guaranteed,guaranteed
tennis court,line,white,unrelated,impossible,unlikely
tennis court,line,open,pjj-nonsense,unrelated,pjj-nonsense
door,doorknob,inner,unrelated,pjj-nonsense,guaranteed,guaranteed
door,doorknob,white,unlikely,unrelated,unrelated,unlikely
door,doorknob,heavy,unlikely,unlikely,impossible,unlikely
locomotive,headlight,red,unlikely,impossible,unrelated,impossible
locomotive,headlight,ordinary,probably,probably,unrelated,probably
baby,smile,unborn,pjj-nonsense,guaranteed,guaranteed,guaranteed
baby,smile,grey,unrelated,unrelated,unrelated,impossible
baby,smile,healthy,pjj-nonsense,probably,guaranteed,probably
baby,smile,young,pjj-nonsense,guaranteed,guaranteed,guaranteed
baby,smile,poor,pjj-nonsense,unrelated,pjj-nonsense,pjj-nonsense
calf,head,bare,unrelated,probably,wjj-nonsense,probably
calf,head,white,guaranteed,probably,probably,probably
calf,head,newborn,guaranteed,guaranteed,guaranteed,guaranteed
calf,head,young,guaranteed,guaranteed,guaranteed,guaranteed
calf,head,original,pjj-nonsense,guaranteed,guaranteed,guaranteed
head,nose,dark,guaranteed,unrelated,guaranteed,unrelated,probably
kite,tail,blue,unrelated,probably,unrelated,unrelated
kite,tail,old,probably,probably,guaranteed,guaranteed
kite,tail,high,guaranteed,probably,guaranteed,guaranteed
kite,tail,long,probably,unrelated,guaranteed,probably
wine bottle,top,broken,probably,probably,guaranteed,probably
wine bottle,top,plastic,probably,guaranteed,probably,probably
wine bottle,top,hot,guaranteed,guaranteed,probably,probably
wine bottle,top,empty,pjj-nonsense,guaranteed,guaranteed,guaranteed
scale,dial,round,impossible,unrelated,unrelated,guaranteed,probably
scale,dial,old,probably,guaranteed,guaranteed,guaranteed,guaranteed
scale,dial,digital,guaranteed,guaranteed,guaranteed,guaranteed,guaranteed
balcony,door,high,guaranteed,guaranteed,guaranteed,guaranteed,guaranteed
balcony,door,white,unrelated,unrelated,unrelated,unrelated,unrelated
balcony,door,narrow,probably,unrelated,unrelated,unrelated,probably
balcony,door,private,probably,guaranteed,probably,guaranteed,guaranteed
balcony,door,open,unrelated,unrelated,wjj-nonsense,unrelated,unrelated
balcony,door,wooden,unrelated,unrelated,unrelated,unrelated,unrelated
bear,hump,white,probably,probably,probably,guaranteed
racket,logo,red,unrelated,unrelated,unlikely,unrelated
table,cup,white,unrelated,unrelated,unrelated,unrelated
table,cup,metal,unrelated,unrelated,unlikely,unrelated
table,cup,long,unrelated,unlikely,unlikely,unlikely
table,cup,above,wjj-nonsense,probably,guaranteed,guaranteed
woman,bracelet,beautiful,unrelated,unrelated,probably,unrelated
woman,bracelet,poor,pjj-nonsense,unrelated,probably,probably
clock,time,framed,unrelated,guaranteed,guaranteed,guaranteed
clock,time,internal,pjj-nonsense,probably,guaranteed,guaranteed
clock,time,antique,probably,unrelated,impossible,impossible
clock,time,green,unrelated,unrelated,unlikely,impossible
clock,time,old,probably,unrelated,impossible,impossible
clock,time,tall,pjj-nonsense,unrelated,probably,impossible
clock,time,circadian,pjj-nonsense,pjj-nonsense,wjj-nonsense,guaranteed
concrete,line,gray,impossible,unrelated,guaranteed,unrelated
concrete,line,fresh,pjj-nonsense,probably,guaranteed,guaranteed
concrete,line,broken,probably,probably,unrelated,probably
concrete,line,plain,probably,unrelated,probably,probably
concrete,line,wet,probably,probably,guaranteed,guaranteed
shirt,patch,white,unrelated,unlikely,unrelated,unrelated
shirt,patch,clean,probably,guaranteed,probably,guaranteed
bear,fish,white,unrelated,unrelated,unrelated,unrelated
bear,fish,stuffed,unrelated,probably,pjj-nonsense,unrelated
bear,fish,fake,unrelated,guaranteed,unrelated,unrelated
fire hydrant,knob,white,probably,unrelated,unrelated,probably,probably
fire hydrant,knob,broken,probably,unrelated,unrelated,unrelated,probably
bag,strap,black,probably,probably,probably,unrelated
boy,shoulder,young,guaranteed,guaranteed,guaranteed,guaranteed
boy,shoulder,nice,pjj-nonsense,pjj-nonsense,unrelated,unrelated
boy,shoulder,dear,pjj-nonsense,pjj-nonsense,unrelated,guaranteed
banana,stem,wild,guaranteed,guaranteed,guaranteed
banana,stem,green,guaranteed,probably,probably
banana,stem,ripe,guaranteed,guaranteed,guaranteed
neck,necklace,white,unrelated,unrelated,unrelated,unrelated,unrelated
neck,necklace,short,unrelated,unrelated,unrelated,unrelated,unrelated
neck,necklace,long,unrelated,unrelated,unrelated,unrelated,probably
building,tower,brown,guaranteed,probably,guaranteed
building,tower,public,probably,guaranteed,probably
building,tower,original,probably,guaranteed,guaranteed
building,tower,old,probably,guaranteed,guaranteed
building,tower,tall,guaranteed,guaranteed,guaranteed
building,tower,fine,pjj-nonsense,guaranteed,guaranteed
plate,dot,white,unrelated,unlikely,probably,impossible
plate,dot,round,unrelated,unrelated,unrelated,guaranteed
plate,dot,empty,unlikely,guaranteed,guaranteed,impossible
girl,jacket,beautiful,unrelated,unrelated,unrelated,unrelated
girl,jacket,pretty,unrelated,unrelated,unrelated,unrelated
girl,jacket,poor,pjj-nonsense,probably,unrelated,impossible
girl,jacket,old,unrelated,unrelated,unrelated,unrelated
sign,lettering,negative,probably,probably,guaranteed
sign,lettering,black,unlikely,impossible,unlikely
building,facade,brown,guaranteed,probably,guaranteed,probably,guaranteed
building,facade,public,guaranteed,guaranteed,guaranteed,guaranteed,guaranteed
building,facade,original,probably,unrelated,probably,guaranteed,guaranteed
building,facade,old,guaranteed,probably,probably,guaranteed,probably
building,facade,tall,guaranteed,probably,guaranteed,guaranteed,guaranteed
building,facade,fine,pjj-nonsense,unrelated,guaranteed,probably,guaranteed
person,mole,human,impossible,guaranteed,guaranteed,guaranteed
person,waist,human,impossible,guaranteed,guaranteed
boy,body,young,guaranteed,guaranteed,guaranteed
boy,body,nice,pjj-nonsense,unrelated,guaranteed
boy,body,dear,pjj-nonsense,unrelated,guaranteed
water,ripple,blue,guaranteed,probably,probably,guaranteed,guaranteed
water,ripple,clear,guaranteed,unlikely,probably,guaranteed,probably
water,ripple,warm,guaranteed,guaranteed,guaranteed,guaranteed,guaranteed
skateboard,wheel,motorized,guaranteed,guaranteed,guaranteed,probably
skateboard,wheel,giant,probably,probably,probably,guaranteed
skateboard,wheel,green,unrelated,unrelated,unrelated,unrelated
skateboard,wheel,old,probably,probably,probably,unrelated
skateboard,wheel,wooden,unlikely,impossible,unrelated,unlikely
skateboard,wheel,oversized,probably,probably,probably,probably
woman,arm,beautiful,unrelated,probably,probably,probably
woman,arm,poor,pjj-nonsense,unrelated,pjj-nonsense,impossible
fork,tip,stable,guaranteed,guaranteed,guaranteed,probably
fork,tip,metal,guaranteed,guaranteed,guaranteed,guaranteed
fork,tip,silver,guaranteed,guaranteed,guaranteed,guaranteed
fork,tip,long,pjj-nonsense,guaranteed,unlikely,unrelated
fork,tip,wooden,guaranteed,guaranteed,guaranteed,probably
fork,tip,plastic,guaranteed,guaranteed,guaranteed,probably
plate,food,flat,unrelated,unrelated,unrelated,unrelated
plate,food,white,unrelated,unrelated,unrelated,unrelated
plate,food,round,unrelated,unrelated,unrelated,unrelated
plate,food,empty,impossible,guaranteed,pjj-nonsense,guaranteed
plate,food,thin,unrelated,unrelated,unrelated,unrelated
plate,food,dirty,unrelated,unrelated,guaranteed,unrelated
collar,stripe,white,unrelated,probably,unlikely,unrelated
collar,stripe,cervical,unrelated,pjj-nonsense,pjj-nonsense,unrelated
truck,rim,white,unrelated,unrelated,unrelated,unrelated,unlikely
truck,rim,old,unrelated,unrelated,probably,probably,probably
truck,rim,open,pjj-nonsense,impossible,probably,impossible,impossible
window,reflection,high,probably,guaranteed,guaranteed
window,reflection,brown,probably,probably,probably
window,reflection,broken,guaranteed,probably,guaranteed
window,reflection,open,impossible,impossible,pjj-nonsense
airplane,smoke,white,unrelated,unrelated,unrelated,unrelated
airplane,smoke,american,guaranteed,unrelated,guaranteed,unrelated
airplane,smoke,light,pjj-nonsense,unrelated,unrelated,unrelated
tree,light,green,unrelated,unrelated,unrelated,unrelated
tree,light,old,unrelated,unrelated,unrelated,unrelated
tree,light,tall,impossible,unrelated,unlikely,unrelated
tree,light,hollow,impossible,unlikely,unrelated,impossible
truck,toolbox,red,probably,unrelated,unlikely,unrelated,unrelated
truck,toolbox,old,unrelated,unrelated,unrelated,probably,unrelated
truck,toolbox,open,unrelated,unrelated,unrelated,probably,unrelated
court,net,red,unrelated,unlikely,unlikely,unlikely
court,net,open,unlikely,guaranteed,unrelated,impossible
giraffe,stripe,brown,unlikely,guaranteed,unlikely,guaranteed
shore,rock,sandy,pjj-nonsense,probably,unrelated,impossible,probably
shore,rock,distant,probably,guaranteed,guaranteed,unrelated,guaranteed
shore,rock,green,probably,unlikely,unrelated,unlikely,unlikely
shore,rock,american,pjj-nonsense,guaranteed,guaranteed,unrelated,guaranteed
shore,rock,far,probably,guaranteed,guaranteed,unrelated,guaranteed
dog,collar,white,unrelated,probably,unlikely,unrelated
dog,collar,old,unrelated,unrelated,unrelated,unrelated
bridge,arch,metal,probably,guaranteed,probably,guaranteed
bridge,arch,nasal,pjj-nonsense,wjj-nonsense,pjj-nonsense,pjj-nonsense
bridge,arch,white,probably,unrelated,probably,probably
bridge,arch,narrow,guaranteed,guaranteed,probably,unrelated
bridge,arch,long,guaranteed,guaranteed,probably,unrelated
bridge,arch,old,probably,guaranteed,probably,guaranteed
bridge,arch,wooden,probably,probably,probably,probably
bike,frame,used,guaranteed,guaranteed,probably,guaranteed
bike,frame,stationary,guaranteed,guaranteed,guaranteed,guaranteed
bike,frame,red,guaranteed,guaranteed,probably,guaranteed
bike,frame,recumbent,guaranteed,pjj-nonsense,pw-nonsense,guaranteed
bike,frame,old,guaranteed,probably,probably,guaranteed
board,part,supervisory,pjj-nonsense,wjj-nonsense,pjj-nonsense,guaranteed
board,part,editorial,pjj-nonsense,wjj-nonsense,pjj-nonsense,guaranteed
board,part,executive,pjj-nonsense,wjj-nonsense,pjj-nonsense,guaranteed
horse,neck,old,guaranteed,guaranteed,guaranteed,guaranteed
horse,neck,dead,guaranteed,guaranteed,guaranteed,guaranteed
horse,neck,black,guaranteed,guaranteed,probably,probably
skater,shirt,black,unrelated,unrelated,unrelated,unrelated
tree,bark,green,unlikely,impossible,unrelated,impossible
tree,bark,old,probably,guaranteed,guaranteed,probably
tree,bark,tall,guaranteed,guaranteed,unrelated,guaranteed
tree,bark,hollow,probably,impossible,unrelated,impossible
board,front,executive,pjj-nonsense,wjj-nonsense,guaranteed,pjj-nonsense,guaranteed
suit,tie,green,unrelated,unrelated,unrelated,unrelated
suit,tie,dark,unrelated,unrelated,unrelated,unrelated
dove,beak,white,unrelated,unrelated,unlikely
dove,beak,beautiful,probably,probably,probably
sleeve,logo,white,unlikely,unlikely,unlikely,unlikely
backpack,pocket,green,probably,probably,probably,probably
backpack,pocket,heavy,unrelated,unlikely,unrelated,unlikely
short,pocket,blue,probably,guaranteed,probably
short,pocket,dead,pjj-nonsense,wjj-nonsense,guaranteed
short,pocket,long,probably,unrelated,unlikely
donut,hole,blue,unrelated,guaranteed,impossible,impossible,guaranteed
donut,hole,round,guaranteed,probably,guaranteed,probably,guaranteed
donut,hole,golden,unrelated,guaranteed,impossible,impossible,guaranteed
donut,hole,plain,guaranteed,pjj-nonsense,guaranteed,impossible,guaranteed
donut,hole,circular,guaranteed,probably,guaranteed,probably,guaranteed
nose,nostril,black,guaranteed,guaranteed,guaranteed,probably
nose,nostril,human,guaranteed,guaranteed,guaranteed,guaranteed
nose,nostril,long,probably,unrelated,probably,unrelated
candle,wick,thin,guaranteed,guaranteed,guaranteed,guaranteed
candle,wick,flickering,guaranteed,guaranteed,guaranteed,guaranteed
candle,wick,lighted,guaranteed,guaranteed,guaranteed,guaranteed
candle,wick,yellow,unrelated,unrelated,unrelated,unlikely
ocean,foam,blue,unlikely,unlikely,unlikely,impossible
ocean,foam,deep,pjj-nonsense,impossible,unlikely,impossible
ocean,foam,wide,probably,probably,probably,unlikely
ocean,foam,open,pjj-nonsense,guaranteed,guaranteed,guaranteed
bowl,salad,golden,unrelated,unrelated,unrelated,unrelated,impossible
building,stair,brown,unrelated,unrelated,unrelated
building,stair,public,probably,guaranteed,probably
building,stair,original,pjj-nonsense,probably,guaranteed
building,stair,old,probably,probably,probably
building,stair,fine,pjj-nonsense,unrelated,guaranteed
shoe,symbol,white,unlikely,unlikely,unlikely,unrelated
shoe,symbol,old,guaranteed,guaranteed,guaranteed,guaranteed
airplane,back,white,probably,probably,probably,probably
airplane,back,private,guaranteed,impossible,guaranteed,guaranteed
airplane,back,american,probably,guaranteed,guaranteed,guaranteed
big ben,clock,rare,probably,probably,probably
big ben,clock,old,probably,probably,probably
big ben,clock,dear,pjj-nonsense,probably,probably
big ben,clock,poor,pjj-nonsense,unrelated,probably
shelf,item,high,guaranteed,unrelated,guaranteed
shelf,item,long,unrelated,unrelated,unrelated
plane,body,focal,unlikely,pjj-nonsense,pjj-nonsense,guaranteed
plane,body,white,probably,unrelated,guaranteed,guaranteed
plane,body,horizontal,guaranteed,guaranteed,guaranteed,guaranteed
plane,body,vertical,guaranteed,guaranteed,wjj-nonsense,guaranteed
glass,drink,colored,unrelated,unrelated,unrelated,unrelated,unrelated
glass,drink,clear,unrelated,unlikely,unrelated,unrelated,unrelated
glass,drink,empty,impossible,guaranteed,guaranteed,guaranteed,guaranteed
uniform,letter,white,unrelated,unlikely,unlikely,unlikely
woman,purse,beautiful,unrelated,unrelated,unrelated,unrelated
woman,purse,poor,pjj-nonsense,unrelated,pjj-nonsense,impossible
phone,keyboard,white,probably,unrelated,unlikely,probably,probably
phone,keyboard,portable,guaranteed,guaranteed,guaranteed,guaranteed,guaranteed
branch,needle,thin,unrelated,guaranteed,probably,probably
branch,needle,anterior,guaranteed,guaranteed,pjj-nonsense,guaranteed
branch,needle,long,unrelated,probably,unrelated,unlikely
elephant,nail,red,unrelated,unlikely,unlikely
elephant,nail,young,probably,guaranteed,guaranteed
elephant,nail,gold,unrelated,unrelated,unlikely
sign,white,black,impossible,unrelated,impossible,impossible
bag,tag,black,unrelated,unlikely,unlikely,unlikely
girl,shadow,beautiful,unrelated,unrelated,unrelated,unrelated
girl,shadow,pretty,unrelated,unrelated,unrelated,unrelated
girl,shadow,poor,pjj-nonsense,impossible,unrelated,pjj-nonsense
girl,shadow,old,pjj-nonsense,impossible,impossible,impossible
sign,back,negative,pjj-nonsense,unlikely,pjj-nonsense,impossible
sign,back,black,unrelated,unrelated,unrelated,unrelated
sign,back,positive,pjj-nonsense,unrelated,pjj-nonsense,impossible
vase,base,porcelain,guaranteed,guaranteed,probably,probably
vase,base,crystal,guaranteed,guaranteed,probably,probably
vase,base,greek,probably,guaranteed,guaranteed,guaranteed
vase,base,broken,probably,unrelated,probably,unlikely
vase,base,black,probably,probably,probably,probably
vase,base,golden,probably,probably,probably,probably
toothbrush,bristle,soft,guaranteed,guaranteed,probably,probably,guaranteed
toothbrush,bristle,white,probably,unrelated,unrelated,probably,unrelated
toothbrush,bristle,stiff,wjj-nonsense,guaranteed,probably,probably,guaranteed
guy,mustache,young,unrelated,guaranteed,probably,guaranteed
guy,mustache,nice,unrelated,pjj-nonsense,unrelated,unlikely
guy,mustache,old,unrelated,guaranteed,probably,unrelated
vehicle,wheel,primary,pjj-nonsense,pjj-nonsense,pjj-nonsense
vehicle,wheel,electric,probably,impossible,probably
vehicle,wheel,important,unlikely,unlikely,guaranteed
vehicle,wheel,suitable,probably,guaranteed,guaranteed
vehicle,wheel,yellow,unrelated,unlikely,unlikely
face,number,handsome,unrelated,guaranteed,guaranteed,unrelated
face,number,light,pjj-nonsense,unlikely,unlikely,probably
face,number,beautiful,unrelated,guaranteed,probably,unrelated
face,number,yellow,unrelated,unlikely,unlikely,unlikely
refrigerator,side,white,probably,guaranteed,guaranteed,probably,guaranteed
refrigerator,side,open,unrelated,impossible,impossible,unlikely,impossible
refrigerator,side,domestic,probably,guaranteed,guaranteed,pjj-nonsense,guaranteed
refrigerator,side,old,probably,guaranteed,guaranteed,guaranteed,guaranteed
refrigerator,side,tall,guaranteed,guaranteed,guaranteed,guaranteed,guaranteed
refrigerator,side,mechanical,guaranteed,impossible,guaranteed,impossible,impossible
wall,frame,high,wjj-nonsense,unlikely,unrelated,probably,probably
wall,frame,posterior,guaranteed,wjj-nonsense,guaranteed,guaranteed,guaranteed
wall,frame,white,probably,unrelated,unrelated,unrelated,unrelated
wall,frame,anterior,guaranteed,word-nonsense,guaranteed,guaranteed,probably
wall,frame,lateral,probably,wjj-nonsense,unrelated,probably,probably
leaf,stem,succulent,probably,guaranteed,unrelated,probably
leaf,stem,reddish,probably,unlikely,unrelated,probably
leaf,stem,dry,probably,probably,guaranteed,guaranteed
leaf,stem,dead,guaranteed,probably,guaranteed,guaranteed
leaf,stem,green,guaranteed,probably,unrelated,probably
plane,lettering,white,impossible,unrelated,unlikely,unlikely
plane,lettering,horizontal,probably,probably,guaranteed,probably
plane,lettering,vertical,wjj-nonsense,probably,guaranteed,probably
banner,writing,white,unlikely,impossible,unrelated,impossible
banner,writing,royal,probably,guaranteed,unrelated,guaranteed
banner,writing,national,wjj-nonsense,guaranteed,pjj-nonsense,guaranteed
banner,writing,sacred,probably,guaranteed,probably,guaranteed
tail,design,grey,guaranteed,unrelated,unlikely,probably,unlikely
tail,design,short,pjj-nonsense,unrelated,guaranteed,unrelated,guaranteed
tail,design,straight,pjj-nonsense,unrelated,unrelated,unrelated,unrelated
tail,design,long,probably,unrelated,probably,unrelated,probably
freezer,handle,white,probably,guaranteed,probably,probably
freezer,handle,continuous,guaranteed,unlikely,pjj-nonsense,pjj-nonsense
freezer,handle,upright,unrelated,guaranteed,guaranteed,probably
head,stripe,humeral,pjj-nonsense,unlikely,unrelated,pjj-nonsense
head,stripe,dark,unlikely,unlikely,unlikely,unlikely
bear,glass,white,unrelated,unrelated,unrelated,unrelated
bear,glass,fake,unrelated,unlikely,probably,unlikely
girl,knee,pretty,unrelated,unrelated,unrelated,unrelated,unlikely
girl,knee,old,guaranteed,guaranteed,guaranteed,guaranteed,guaranteed
girl,knee,poor,guaranteed,pjj-nonsense,guaranteed,unrelated,pjj-nonsense
elephant,nose,wild,guaranteed,pjj-nonsense,guaranteed,guaranteed,guaranteed
elephant,nose,young,guaranteed,guaranteed,guaranteed,guaranteed,guaranteed
elephant,nose,red,guaranteed,guaranteed,guaranteed,probably,guaranteed
car,lettering,white,unlikely,impossible
car,lettering,silver,unlikely,impossible
car,lettering,open,pjj-nonsense,impossible
car,lettering,old,probably,unlikely
horse,stomach,old,guaranteed,guaranteed,guaranteed,guaranteed
horse,stomach,dead,guaranteed,guaranteed,guaranteed,guaranteed
horse,stomach,black,guaranteed,guaranteed,probably,unrelated
donut,bite,brown,pjj-nonsense,impossible,impossible
utensil,handle,metal,unrelated,unlikely,probably,unrelated
utensil,handle,white,unrelated,unlikely,probably,probably
utensil,handle,silver,unrelated,unlikely,probably,probably
utensil,handle,plastic,probably,probably,probably,probably
utensil,handle,useful,probably,guaranteed,guaranteed,guaranteed
clock face,hand,handsome,unrelated,guaranteed,probably,probably
clock face,hand,beautiful,unrelated,guaranteed,guaranteed,probably
clock face,hand,blue,unrelated,unrelated,unrelated,unrelated
bookcase,book,white,unrelated,unrelated
bookcase,book,empty,unlikely,impossible
bookcase,book,old,unrelated,unrelated
bookcase,book,tall,unlikely,unrelated
bookcase,book,wooden,unrelated,impossible
bookcase,book,low,unrelated,probably
train,cart,red,probably,probably,unrelated,unrelated
train,cart,slow,probably,guaranteed,guaranteed,guaranteed
train,cart,electric,unlikely,probably,unrelated,guaranteed
train,cart,long,probably,probably,unrelated,unrelated
window,light,square,unrelated,guaranteed,guaranteed,guaranteed
window,light,clean,unrelated,impossible,unrelated,unrelated
window,light,high,unrelated,guaranteed,guaranteed,guaranteed
window,light,brown,unrelated,unrelated,guaranteed,impossible
window,light,broken,unrelated,impossible,impossible,unrelated
window,light,open,unrelated,impossible,unrelated,impossible
wetsuit,stripe,black,impossible,unlikely,impossible
wetsuit,stripe,dark,unrelated,unlikely,unrelated
railroad,track,rusted,probably,guaranteed,guaranteed,unrelated
railroad,track,electric,probably,unrelated,guaranteed,guaranteed
railroad,track,old,guaranteed,unrelated,guaranteed,unrelated
railroad,track,american,guaranteed,guaranteed,guaranteed,unrelated
railroad,track,empty,guaranteed,guaranteed,guaranteed,impossible
girl,coat,beautiful,unrelated,unrelated,unrelated,unrelated
girl,coat,pretty,unrelated,unrelated,unrelated,unrelated
girl,coat,poor,pjj-nonsense,unrelated,pjj-nonsense,impossible
girl,coat,old,unrelated,unrelated,probably,unrelated
apple,skin,fresh,guaranteed,guaranteed,guaranteed,guaranteed
apple,skin,rotten,guaranteed,probably,probably,probably
apple,skin,shiny,guaranteed,guaranteed,guaranteed,guaranteed
apple,skin,golden,guaranteed,guaranteed,guaranteed,guaranteed
apple,skin,green,guaranteed,guaranteed,guaranteed,guaranteed
apple,skin,liquid,pjj-nonsense,probably,guaranteed,probably
cow,thigh,white,guaranteed,probably,guaranteed,probably
cow,thigh,old,guaranteed,guaranteed,guaranteed,guaranteed
mouse,light,white,unrelated,unlikely,unlikely,unlikely
mouse,light,male,pjj-nonsense,pjj-nonsense,wjj-nonsense,pjj-nonsense
mouse,light,dead,guaranteed,guaranteed,probably,guaranteed
man,pocket,poor,pjj-nonsense,unrelated,probably
kite,design,blue,probably,unlikely,probably,unlikely
kite,design,high,pjj-nonsense,guaranteed,unrelated,guaranteed
kite,design,long,probably,probably,probably,probably
kite,design,old,probably,guaranteed,probably,guaranteed
kite,design,electrical,pjj-nonsense,unlikely,probably,impossible
tree,limb,green,probably,unlikely,unlikely,unrelated
tree,limb,old,guaranteed,probably,probably,probably
tree,limb,tall,probably,probably,unlikely,probably
tree,limb,bronchial,probably,guaranteed,probably,pjj-nonsense
tree,limb,hollow,probably,unlikely,unlikely,unlikely
dove,foot,holy,guaranteed,unrelated,guaranteed
dove,foot,beautiful,unrelated,unrelated,unlikely
dove,foot,white,probably,unlikely,unlikely
dove,foot,wild,guaranteed,guaranteed,guaranteed
dove,foot,gentle,probably,probably,guaranteed
building,garage,fine,pjj-nonsense,probably,probably,probably,probably
building,garage,original,probably,probably,unrelated,probably,probably
building,garage,old,probably,probably,unrelated,probably,probably
building,garage,public,probably,unrelated,unrelated,guaranteed,guaranteed
plane,middle,white,probably,guaranteed,unrelated,guaranteed
plane,middle,horizontal,guaranteed,pjj-nonsense,guaranteed,guaranteed
plane,middle,vertical,guaranteed,pjj-nonsense,guaranteed,guaranteed
woman,foot,elderly,guaranteed,guaranteed,guaranteed,guaranteed
woman,foot,poor,pjj-nonsense,pjj-nonsense,unrelated,guaranteed
woman,foot,beautiful,unrelated,probably,probably,unrelated
building,hole,brown,probably,unrelated,guaranteed,probably
building,hole,original,pjj-nonsense,unlikely,guaranteed,impossible
building,hole,old,probably,unrelated,probably,unlikely
building,hole,tall,unrelated,unrelated,unrelated,unlikely
building,hole,fine,pjj-nonsense,impossible,impossible,impossible
horse,rope,blue,unrelated,unrelated,unrelated
horse,rope,old,unrelated,unrelated,unrelated
horse,rope,dead,impossible,impossible,guaranteed
horse,rope,attached,guaranteed,guaranteed,probably
street,lane,paved,guaranteed,guaranteed,guaranteed,guaranteed,guaranteed
street,lane,quiet,pjj-nonsense,guaranteed,guaranteed,guaranteed,guaranteed
street,lane,public,guaranteed,guaranteed,guaranteed,guaranteed,guaranteed
street,lane,narrow,probably,unrelated,guaranteed,guaranteed,guaranteed
street,lane,long,probably,probably,guaranteed,guaranteed,guaranteed
street,lane,busy,probably,probably,guaranteed,guaranteed,guaranteed
monitor,button,off,guaranteed,guaranteed,guaranteed
monitor,button,white,probably,guaranteed,probably
monitor,button,active,guaranteed,guaranteed,guaranteed
monitor,button,external,guaranteed,guaranteed,unrelated
truck,side,white,probably,probably,guaranteed,probably
truck,side,old,probably,guaranteed,guaranteed,probably
truck,side,open,unrelated,probably,unlikely,unlikely
banner,part,white,unlikely,unrelated,probably,guaranteed
banner,part,royal,probably,pjj-nonsense,pjj-nonsense,guaranteed
banner,part,national,unrelated,pjj-nonsense,guaranteed,guaranteed
banner,part,sacred,unrelated,pjj-nonsense,guaranteed,guaranteed
controller,strap,black,probably,unrelated,unrelated,probably
swan,head,wild,pjj-nonsense,pjj-nonsense,guaranteed,guaranteed,guaranteed
swan,head,white,guaranteed,probably,probably,guaranteed,probably
swan,head,beautiful,probably,probably,guaranteed,guaranteed,probably
salad,lettuce,mixed,probably,probably,guaranteed,probably,probably
salad,lettuce,fresh,guaranteed,probably,guaranteed,guaranteed,guaranteed
desk,computer,old,unrelated,unrelated,unrelated,unrelated
desk,computer,high,guaranteed,guaranteed,wjj-nonsense,guaranteed
desk,computer,massive,unrelated,unrelated,unrelated,unlikely
surfer,suit,young,pjj-nonsense,unrelated,unrelated,unrelated
surfer,suit,professional,probably,probably,guaranteed,unrelated
surfer,suit,male,probably,impossible,pjj-nonsense,impossible
giraffe,lip,brown,probably,guaranteed,probably,unrelated
giraffe,lip,young,guaranteed,guaranteed,guaranteed,guaranteed
teddy,ear,brown,guaranteed,probably,guaranteed,probably,probably
teddy,ear,dear,pjj-nonsense,wjj-nonsense,probably,guaranteed,guaranteed
teddy,ear,young,probably,probably,guaranteed,guaranteed,guaranteed
teddy,ear,old,probably,probably,guaranteed,guaranteed,guaranteed
teddy,ear,poor,pjj-nonsense,wjj-nonsense,unrelated,pjj-nonsense,impossible
pencil,eraser,soft,pjj-nonsense,probably,unrelated,unrelated
pencil,eraser,sharp,unlikely,unlikely,impossible,impossible
toy,hat,pretty,probably,unrelated,probably,probably,probably
toy,hat,favourite,probably,unrelated,unrelated,probably,probably
toy,hat,broken,unlikely,unrelated,unrelated,unlikely,unlikely
sidewalk,design,wide,unrelated,probably,probably,guaranteed
sidewalk,design,white,unrelated,unlikely,unlikely,probably
sidewalk,design,public,guaranteed,guaranteed,guaranteed,guaranteed
sidewalk,design,crowded,pjj-nonsense,guaranteed,guaranteed,unrelated
sidewalk,design,narrow,unrelated,guaranteed,guaranteed,probably
sidewalk,design,wooden,guaranteed,probably,probably,unlikely
sidewalk,design,concrete,guaranteed,probably,probably,guaranteed
cupboard,window,locked,guaranteed,guaranteed,guaranteed,guaranteed
cupboard,window,closed,guaranteed,guaranteed,guaranteed,guaranteed
cupboard,window,white,unlikely,impossible,unrelated,impossible
cupboard,window,open,probably,guaranteed,guaranteed,guaranteed
cupboard,window,old,probably,probably,probably,probably
cupboard,window,dark,unrelated,unrelated,unlikely,unlikely
cupboard,window,empty,pjj-nonsense,guaranteed,impossible,guaranteed
tail,hair,grey,guaranteed,probably,probably
tail,hair,short,probably,probably,unrelated
tail,hair,long,probably,unrelated,unrelated
tail,hair,bushy,guaranteed,probably,probably
tail,hair,straight,probably,probably,unrelated
tree,leave,green,guaranteed,guaranteed,probably,guaranteed
tree,leave,old,impossible,probably,unrelated,impossible
sign,screw,black,unrelated,unrelated,probably,probably
bird,feather,white,probably,unrelated,probably,unrelated,probably
bird,feather,beautiful,probably,unrelated,probably,guaranteed,guaranteed
bird,feather,old,probably,probably,guaranteed,guaranteed,probably
cow,foot,white,probably,probably,probably,probably
cow,foot,old,guaranteed,guaranteed,guaranteed,guaranteed
cow,foot,dead,guaranteed,guaranteed,guaranteed,guaranteed
giraffe,neck,brown,probably,guaranteed,guaranteed,guaranteed
giraffe,neck,young,guaranteed,guaranteed,guaranteed,guaranteed
giraffe,neck,stuffed,guaranteed,probably,guaranteed,guaranteed
giraffe,neck,tall,probably,guaranteed,guaranteed,guaranteed
oven,front,slow,pjj-nonsense,impossible,impossible,pjj-nonsense
oven,front,moderate,pjj-nonsense,impossible,probably,probably
oven,front,black,guaranteed,guaranteed,probably,unrelated
oven,front,hot,probably,probably,probably,guaranteed
cell phone,screen,portable,guaranteed,guaranteed,guaranteed,guaranteed
cell phone,screen,smart,pjj-nonsense,probably,guaranteed,guaranteed
cell phone,screen,public,guaranteed,guaranteed,guaranteed,guaranteed
cell phone,screen,black,unrelated,impossible,unlikely,unlikely
cell phone,screen,secure,pjj-nonsense,guaranteed,guaranteed,probably
woman,cheek,beautiful,unrelated,guaranteed,guaranteed
woman,cheek,poor,pjj-nonsense,unrelated,impossible
tennis player,hair,professional,guaranteed,pjj-nonsense,unlikely,pjj-nonsense,unrelated
tennis player,hair,poor,guaranteed,pjj-nonsense,unrelated,pjj-nonsense,pjj-nonsense
beach,rock,white,pjj-nonsense,unrelated,unrelated,unrelated,unlikely
beach,rock,sandy,unrelated,impossible,unrelated,unrelated,unlikely
lake,wave,beautiful,probably,guaranteed,unrelated,probably
lake,wave,frozen,guaranteed,guaranteed,guaranteed,guaranteed
lake,wave,shallow,guaranteed,unrelated,probably,guaranteed
lake,wave,green,guaranteed,guaranteed,probably,probably
lake,wave,dirty,guaranteed,guaranteed,guaranteed,guaranteed
bridge,edge,metal,guaranteed,probably,probably,probably
bridge,edge,nasal,pjj-nonsense,wjj-nonsense,pjj-nonsense,pjj-nonsense
bridge,edge,white,probably,unrelated,probably,probably
bridge,edge,narrow,unlikely,probably,unrelated,impossible
bridge,edge,long,guaranteed,guaranteed,guaranteed,guaranteed
bridge,edge,old,guaranteed,guaranteed,probably,probably
bridge,edge,wooden,guaranteed,probably,probably,guaranteed
man,suit,poor,unrelated,pjj-nonsense,probably,probably
woman,cap,beautiful,unrelated,unrelated,unrelated,unrelated
woman,cap,poor,pjj-nonsense,probably,unrelated,pjj-nonsense
bird,beak,white,unrelated,unrelated,unrelated,unlikely
bird,beak,beautiful,probably,unrelated,probably,guaranteed
bird,beak,old,guaranteed,guaranteed,guaranteed,guaranteed
person,face,looking,guaranteed,guaranteed,guaranteed,guaranteed
person,face,responsible,unrelated,pjj-nonsense,guaranteed,guaranteed
person,face,human,guaranteed,impossible,guaranteed,guaranteed
tennis player,shoe,poor,pjj-nonsense,pjj-nonsense,unrelated,probably,unrelated
wall,light,high,wjj-nonsense,unrelated,probably,probably
wall,light,white,unrelated,unrelated,probably,unrelated
wall,light,anterior,guaranteed,guaranteed,guaranteed,guaranteed
wall,light,lateral,probably,guaranteed,guaranteed,pjj-nonsense
bird,back,white,probably,unrelated,probably,probably
bird,back,beautiful,unrelated,probably,probably,guaranteed
bird,back,dead,guaranteed,guaranteed,guaranteed,guaranteed
bird,back,old,guaranteed,guaranteed,guaranteed,guaranteed
elephant,face,grey,guaranteed,guaranteed,guaranteed,guaranteed,guaranteed
elephant,face,young,guaranteed,guaranteed,guaranteed,guaranteed,guaranteed
elephant,face,wild,guaranteed,guaranteed,pjj-nonsense,guaranteed,guaranteed
elephant,face,gold,guaranteed,guaranteed,guaranteed,guaranteed,guaranteed
orange,center,bright,pjj-nonsense,unrelated,probably,probably
orange,center,deep,pjj-nonsense,unrelated,guaranteed,pjj-nonsense
orange,center,round,guaranteed,guaranteed,probably,pjj-nonsense
orange,center,shiny,pjj-nonsense,unrelated,probably,unrelated
orange,center,orange,impossible,unrelated,unrelated,unrelated
orange,center,pale,guaranteed,unrelated,unrelated,unrelated
guy,racket,nice,unrelated,pjj-nonsense,unrelated,unrelated
guy,racket,old,unrelated,unrelated,unrelated,unrelated
guy,racket,poor,pjj-nonsense,pjj-nonsense,unrelated,unrelated
plate,pizza,white,unlikely,unlikely,unrelated
plate,pizza,round,probably,unrelated,unlikely
woman,wristwatch,beautiful,unrelated,unrelated,unrelated,unrelated
table,glass,white,unrelated,unrelated,unrelated,unrelated
table,glass,metal,impossible,unlikely,unlikely,unlikely
table,glass,long,unrelated,unrelated,unrelated,unlikely
table,glass,above,wjj-nonsense,guaranteed,probably,probably
hat,logo,white,unrelated,unlikely,unlikely,unlikely
hat,logo,old,probably,unrelated,guaranteed,guaranteed
garage,window,closed,unrelated,unrelated,unrelated
garage,window,white,unlikely,unrelated,unrelated
garage,window,public,guaranteed,guaranteed,probably
garage,window,open,unrelated,unrelated,unrelated
garage,window,old,probably,probably,probably
elephant,tail,grey,guaranteed,probably,guaranteed,guaranteed
elephant,tail,young,guaranteed,guaranteed,guaranteed,guaranteed
elephant,tail,wild,probably,guaranteed,guaranteed,guaranteed
elephant,tail,gold,guaranteed,probably,guaranteed,guaranteed
ground,patch,dry,guaranteed,probably,guaranteed,guaranteed
ground,patch,white,guaranteed,probably,probably,probably
ground,patch,open,pjj-nonsense,guaranteed,guaranteed,probably
ground,patch,fertile,probably,probably,probably,impossible
ground,patch,firm,probably,unrelated,probably,guaranteed
ground,patch,dirty,probably,probably,guaranteed,guaranteed
ground,patch,sandy,probably,probably,probably,guaranteed
bean,stem,red,probably,probably,probably,guaranteed
bean,stem,old,guaranteed,guaranteed,guaranteed,guaranteed
bridge,guardrail,wooden,probably,probably,probably,unrelated
pole,chain,metallic,guaranteed,unrelated,unrelated,unrelated
pole,chain,green,probably,unrelated,unrelated,unrelated
pole,chain,posterior,guaranteed,probably,guaranteed,probably
pole,chain,long,unrelated,unrelated,unrelated,unrelated
suv,window,white,unlikely,unlikely,impossible,impossible
suv,window,long,probably,unrelated,unlikely,probably
guy,hair,nice,pjj-nonsense,unrelated,unrelated,unrelated
guy,hair,bald,guaranteed,guaranteed,guaranteed,guaranteed
guy,hair,young,probably,guaranteed,guaranteed,guaranteed
guy,hair,poor,pjj-nonsense,pjj-nonsense,guaranteed,unrelated
guy,hair,old,probably,guaranteed,guaranteed,guaranteed
stand,wheel,metallic,unrelated,unrelated,unrelated,unrelated
stand,wheel,strong,probably,probably,guaranteed,guaranteed
stand,wheel,gray,unrelated,unrelated,unrelated,unrelated
stand,wheel,old,unrelated,probably,guaranteed,probably
stand,wheel,wooden,unlikely,unlikely,unlikely,unrelated
man,cart,poor,pjj-nonsense,probably,unrelated,pjj-nonsense
building,entry,fine,pjj-nonsense,probably,probably,guaranteed
building,entry,original,probably,probably,probably,guaranteed
building,entry,old,probably,probably,probably,guaranteed
building,entry,public,probably,guaranteed,guaranteed,guaranteed
tennis player,neck,professional,pjj-nonsense,unrelated,guaranteed,impossible
tennis player,neck,poor,pjj-nonsense,unrelated,pjj-nonsense,impossible
toddler,eye,typical,unrelated,guaranteed,probably,probably
toddler,eye,healthy,probably,probably,guaranteed,guaranteed
toddler,eye,young,guaranteed,guaranteed,guaranteed,guaranteed
toddler,eye,pink,unrelated,unlikely,unrelated,impossible
toddler,eye,curious,pjj-nonsense,probably,probably,probably
toddler,eye,active,unrelated,probably,probably,probably
cart,wheel,red,unrelated,unlikely,unrelated,unlikely
cart,wheel,heavy,probably,unlikely,probably,unlikely
cart,wheel,old,probably,probably,probably,probably
cart,wheel,laden,unlikely,unlikely,pjj-nonsense,impossible
baseball player,arm,defensive,probably,pjj-nonsense,unlikely
baseball player,arm,key,probably,guaranteed,pjj-nonsense
baseball player,arm,one,unrelated,pjj-nonsense,pjj-nonsense
baseball player,arm,poor,probably,pjj-nonsense,impossible
baseball player,arm,professional,guaranteed,pjj-nonsense,impossible
baseball player,arm,offensive,probably,pjj-nonsense,pjj-nonsense
fire hydrant,base,residual,pjj-nonsense,guaranteed,guaranteed
fire hydrant,base,white,probably,probably,probably
fire hydrant,base,broken,probably,unrelated,unlikely
fire hydrant,base,public,guaranteed,guaranteed,guaranteed
fire hydrant,base,open,unlikely,unrelated,probably
handle,hole,white,impossible,probably,impossible,impossible
handle,hole,short,probably,unrelated,probably,probably
handle,hole,long,probably,unrelated,probably,probably
handle,hole,wooden,pjj-nonsense,probably,impossible,impossible
handle,hole,convenient,pjj-nonsense,unrelated,unrelated,guaranteed
child,cheek,young,guaranteed,guaranteed,guaranteed,guaranteed,guaranteed
child,cheek,dear,pjj-nonsense,pjj-nonsense,guaranteed,unrelated,unrelated
child,cheek,blonde,unrelated,pjj-nonsense,impossible,unlikely,impossible
child,cheek,poor,pjj-nonsense,pjj-nonsense,guaranteed,unrelated,pjj-nonsense
peak,snow,red,pjj-nonsense,impossible,impossible,unlikely
peak,snow,broad,pjj-nonsense,guaranteed,unrelated,probably
peak,snow,high,pjj-nonsense,guaranteed,unrelated,probably
peak,snow,sharp,pjj-nonsense,impossible,unlikely,impossible
man,lip,poor,guaranteed,pjj-nonsense,unrelated,pjj-nonsense,probably
boy,wrist,young,guaranteed,guaranteed,guaranteed,guaranteed
shirt,pocket,red,probably,probably,probably,probably
shirt,pocket,clean,probably,probably,guaranteed,guaranteed
man,pole,poor,pjj-nonsense,unrelated,unrelated,pjj-nonsense
boy,helmet,nice,unrelated,unrelated,pw-nonsense,unrelated
motorcycle,wheel,red,unrelated,unlikely,unrelated,unlikely
motorcycle,wheel,old,probably,probably,probably,unlikely
motorcycle,wheel,indian,probably,probably,pjj-nonsense,probably
bottle,liquid,white,unrelated,unrelated,unrelated,unrelated
bottle,liquid,plastic,impossible,impossible,impossible,impossible
bottle,liquid,hot,probably,guaranteed,guaranteed,unrelated
bottle,liquid,empty,impossible,guaranteed,guaranteed,guaranteed
door,reflection,inner,pjj-nonsense,guaranteed,unrelated,pjj-nonsense
door,reflection,white,probably,unrelated,impossible,guaranteed
door,reflection,heavy,pjj-nonsense,impossible,impossible,impossible
cake,edge,square,guaranteed,guaranteed,guaranteed,guaranteed
cake,edge,round,guaranteed,guaranteed,guaranteed,guaranteed
cake,edge,sweet,guaranteed,guaranteed,guaranteed,guaranteed
blow dryer,cord,white,unrelated,unrelated,probably,unrelated
blow dryer,cord,automatic,pjj-nonsense,wjj-nonsense,guaranteed,impossible
blow dryer,cord,electric,guaranteed,guaranteed,guaranteed,guaranteed
blow dryer,cord,silver,unlikely,unrelated,unlikely,unrelated
hydrant,bottom,broken,unrelated,probably,probably,unlikely
hydrant,bottom,public,guaranteed,guaranteed,guaranteed,guaranteed
hydrant,bottom,black,unrelated,guaranteed,probably,probably
hydrant,bottom,open,probably,probably,probably,unlikely
city,building,ancient,unrelated,probably,probably,unrelated
city,building,poor,probably,pjj-nonsense,probably,probably
city,building,old,unrelated,probably,probably,probably
city,building,american,guaranteed,probably,guaranteed,probably
city,building,busy,probably,probably,unrelated,guaranteed
clock,statue,old,probably,guaranteed,probably,probably
clock,statue,tall,unrelated,probably,guaranteed,probably
clock,statue,antique,probably,guaranteed,probably,probably
guy,helmet,nice,unrelated,unrelated,pjj-nonsense,unrelated
guy,helmet,old,unrelated,unrelated,unrelated,unrelated
jet,propeller,free,guaranteed,pjj-nonsense,unrelated,wjj-nonsense,guaranteed
boat,canopy,white,probably,unrelated
boat,canopy,open,unlikely,unrelated
boat,canopy,old,probably,probably
boat,canopy,wooden,probably,impossible
boat,canopy,tiny,guaranteed,guaranteed
window,pane,high,guaranteed,guaranteed,guaranteed,guaranteed,guaranteed
window,pane,broken,probably,probably,probably,probably,probably
window,pane,clean,probably,guaranteed,guaranteed,guaranteed,guaranteed
window,pane,open,unlikely,impossible,probably,guaranteed,guaranteed
motorcycle,pipe,old,probably,probably,guaranteed,guaranteed
motorcycle,pipe,used,probably,probably,guaranteed,guaranteed
motorcycle,pipe,black,unrelated,probably,unrelated,unlikely
motorcycle,pipe,indian,probably,pjj-nonsense,guaranteed,guaranteed
dude,hair,white,unrelated,unrelated,unrelated,unrelated
dude,hair,young,guaranteed,probably,guaranteed,guaranteed
dude,hair,old,guaranteed,unlikely,guaranteed,unlikely
dude,hair,cool,unrelated,unrelated,unrelated,probably
dude,hair,caucasian,guaranteed,guaranteed,guaranteed,guaranteed
ear,hair,furry,impossible,guaranteed,probably,guaranteed,guaranteed
ear,hair,floppy,unrelated,pjj-nonsense,unrelated,unrelated,probably
ear,hair,human,probably,impossible,guaranteed,guaranteed,guaranteed
horse,collar,old,unrelated,unrelated,unrelated
horse,collar,black,unrelated,unrelated,unrelated
horse,collar,attached,guaranteed,guaranteed,probably
microwave,light,stainless,unrelated,impossible,impossible
microwave,light,white,unrelated,unrelated,unrelated
microwave,light,private,unrelated,guaranteed,guaranteed
microwave,light,reflective,guaranteed,unrelated,impossible
microwave,light,terrestrial,guaranteed,pjj-nonsense,guaranteed
microwave,light,passive,guaranteed,pjj-nonsense,guaranteed
microwave,light,digital,guaranteed,unrelated,guaranteed
batter,shoe,smooth,unrelated,unrelated,pjj-nonsense
batter,shoe,stiff,unrelated,unrelated,unrelated
batter,shoe,thick,probably,unrelated,unrelated
batter,shoe,thin,probably,unrelated,unrelated
batter,nose,slight,unrelated,unrelated,probably
batter,nose,smooth,unrelated,probably,unrelated
batter,nose,thin,guaranteed,unrelated,unrelated
batter,nose,ready,pjj-nonsense,unrelated,impossible
batter,nose,thick,probably,unrelated,unrelated
backpack,logo,red,unrelated,unlikely,unrelated
sand,ripple,white,guaranteed,guaranteed,guaranteed
sand,ripple,fine,impossible,guaranteed,guaranteed
tire,reflector,old,guaranteed,unrelated,guaranteed
tire,reflector,black,unrelated,unlikely,impossible
tire,reflector,round,nonsense,unrelated,unrelated
hat,band,white,unrelated,unrelated,unlikely
hat,band,old,guaranteed,probably,guaranteed
sheep,ear,fat,unrelated,unrelated,impossible
sheep,ear,fetal,unrelated,pjj-nonsense,guaranteed
skateboard,tire,old,probably,unrelated,probably
skateboard,tire,red,unrelated,unrelated,probably
skateboard,tire,giant,guaranteed,unrelated,unlikely
parking meter,sign,black,unlikely,impossible,unlikely
parking meter,sign,sound,probably,unrelated,unrelated
parking meter,sign,triple,unrelated,pjj-nonsense,wjj-nonsense
water,buoy,blue,unlikely,unrelated,impossible
pizza,pepperoni,cold,guaranteed,guaranteed,guaranteed
female,ring,male,unrelated,unrelated,pjj-nonsense
female,ring,white,unrelated,unrelated,unrelated
female,ring,human,unrelated,impossible,impossible
female,ring,young,unrelated,unrelated,unrelated
room,corner,empty,unrelated,guaranteed,guaranteed
room,corner,private,guaranteed,guaranteed,guaranteed
room,corner,darkened,guaranteed,guaranteed,guaranteed
room,corner,lit,guaranteed,probably,probably
room,corner,inner,unrelated,guaranteed,guaranteed
glass,frame,empty,impossible,unlikely,impossible
glass,frame,colored,unrelated,unrelated,unrelated
glass,frame,broken,unrelated,unlikely,unrelated
glass,frame,used,probably,unrelated,guaranteed
glass,frame,clear,impossible,unrelated,unrelated
airplane,bottom,white,unrelated,probably,unrelated
airplane,bottom,american,guaranteed,probably,guaranteed
airplane,bottom,conventional,guaranteed,probably,unrelated
airplane,bottom,light,guaranteed,probably,probably
girl,body,poor,probably,guaranteed,pjj-nonsense
girl,body,old,guaranteed,guaranteed,guaranteed
girl,body,beautiful,probably,guaranteed,probably
girl,body,pretty,probably,guaranteed,probably
aeroplane,cockpit,german,guaranteed,guaranteed,guaranteed
bathtub,edge,empty,unrelated,guaranteed,guaranteed
bathtub,edge,porcelain,probably,guaranteed,guaranteed
bathtub,edge,huge,guaranteed,guaranteed,unrelated
bathtub,edge,white,probably,guaranteed,guaranteed
bathtub,edge,old,guaranteed,guaranteed,guaranteed
bathtub,edge,regular,probably,unrelated,guaranteed
broccoli,top,raw,guaranteed,guaranteed,guaranteed
broccoli,top,chinese,guaranteed,guaranteed,pjj-nonsense
broccoli,top,round,unrelated,probably,guaranteed
broccoli,top,fresh,guaranteed,guaranteed,guaranteed
broccoli,top,green,guaranteed,guaranteed,guaranteed
skateboard,shadow,old,impossible,unrelated,pjj-nonsense
skateboard,shadow,green,impossible,impossible,impossible
skateboard,shadow,giant,probably,guaranteed,probably
dog,tooth,white,unrelated,unrelated,guaranteed
dog,tooth,old,guaranteed,guaranteed,guaranteed
dog,tooth,sweet,impossible,unrelated,unrelated
dog,tooth,mad,impossible,impossible,wjj-nonsense
dog,tooth,dead,unrelated,guaranteed,guaranteed
airplane,door,white,probably,probably,probably
airplane,door,private,guaranteed,guaranteed,guaranteed
airplane,door,american,guaranteed,guaranteed,unrelated
airplane,door,conventional,guaranteed,guaranteed,unrelated
airplane,door,light,probably,unrelated,unrelated
airplane,door,commercial,guaranteed,unrelated,guaranteed
ground,leaf,firm,unlikely,unrelated,unrelated
ground,leaf,dry,unrelated,unrelated,unrelated
ground,leaf,white,unlikely,unrelated,unrelated
ground,leaf,open,pjj-nonsense,pjj-nonsense,unrelated
ground,leaf,sandy,impossible,guaranteed,unrelated
ground,leaf,fertile,impossible,unrelated,probably
person,band,responsible,unrelated,unrelated,pjj-nonsense
person,band,human,impossible,impossible,pjj-nonsense
suit,stripe,green,unrelated,unrelated,unlikely
suit,stripe,dark,unrelated,unlikely,unlikely
train,track,long,guaranteed,guaranteed,guaranteed
train,track,electric,probably,guaranteed,guaranteed
train,track,red,unlikely,unrelated,unrelated
train,track,fast,impossible,probably,unrelated
train,track,slow,impossible,probably,unrelated
train,track,regular,probably,pjj-nonsense,unrelated
dog,eyebrow,white,unrelated,probably,unrelated
dog,eyebrow,shaggy,probably,probably,probably
dog,eyebrow,old,guaranteed,guaranteed,guaranteed
toilet,water,white,unrelated,unrelated,impossible
toilet,water,indoor,guaranteed,guaranteed,guaranteed
toilet,water,closed,unrelated,pjj-nonsense,impossible
toilet,water,clear,unrelated,probably,guaranteed
toilet,water,pulmonary,wjj-nonsense,pjj-nonsense,wjj-nonsense
couch,leg,soft,impossible,unlikely,unlikely
couch,leg,white,unlikely,unrelated,unlikely
couch,leg,wooden,probably,probably,unrelated
couch,leg,old,guaranteed,probably,guaranteed
couch,leg,low,guaranteed,guaranteed,guaranteed
duck,wing,white,guaranteed,unrelated,probably
duck,wing,fat,guaranteed,unlikely,impossible
man,beard,poor,unrelated,guaranteed,pjj-nonsense
bus,emblem,old,guaranteed,unrelated,probably
bus,emblem,black,impossible,unlikely,unrelated
bus,emblem,external,wjj-nonsense,guaranteed,guaranteed
runway,part,short,pw-nonsense,guaranteed,unrelated
runway,part,long,pw-nonsense,guaranteed,unrelated
runway,part,active,pw-nonsense,unrelated,impossible
runway,part,concrete,pw-nonsense,guaranteed,guaranteed
runway,part,paved,pw-nonsense,guaranteed,guaranteed
runway,part,narrow,pw-nonsense,unrelated,unrelated
motorcycle,number,old,unrelated,probably,probably
motorcycle,number,red,unrelated,unlikely,unrelated
motorcycle,number,indian,unrelated,unrelated,unrelated
bicycle,helmet,white,unrelated,unrelated,unrelated
bicycle,helmet,old,unrelated,unrelated,unrelated
bicycle,helmet,high,unrelated,probably,unrelated
hill,peak,steep,guaranteed,guaranteed,guaranteed
hill,peak,long,probably,probably,probably
hill,peak,bare,probably,probably,probably
hill,peak,holy,guaranteed,probably,pjj-nonsense
hill,peak,high,guaranteed,guaranteed,guaranteed
hill,peak,tall,guaranteed,probably,guaranteed
hill,peak,low,guaranteed,probably,guaranteed
hill,peak,rocky,unrelated,guaranteed,probably
racket,letter,awful,unrelated,unrelated,unrelated
racket,letter,terrible,unrelated,unrelated,unrelated
racket,letter,infernal,unrelated,wjj-nonsense,unrelated
racket,letter,tremendous,unrelated,unrelated,unrelated
racket,letter,black,unrelated,unlikely,probably
racket,letter,terrific,unrelated,unrelated,unrelated
monkey,ear,old,guaranteed,guaranteed,guaranteed
monkey,ear,young,guaranteed,guaranteed,guaranteed
monkey,ear,female,unrelated,guaranteed,guaranteed
surfboard,spot,short,unrelated,unrelated,unrelated
surfboard,spot,giant,unrelated,unrelated,probably
surfboard,spot,old,unrelated,probably,unlikely
surfboard,spot,purple,unrelated,unlikely,unrelated
surfboard,spot,regular,unrelated,unrelated,unrelated
horse,body,blue,guaranteed,guaranteed,guaranteed
horse,body,old,guaranteed,guaranteed,guaranteed
horse,body,dead,guaranteed,guaranteed,guaranteed
horse,body,attached,guaranteed,probably,unrelated
woman,hat,poor,unrelated,unrelated,unrelated
woman,hat,beautiful,unrelated,unrelated,unrelated
bench,hole,long,unrelated,impossible,probably
bench,hole,gray,guaranteed,guaranteed,probably
bench,hole,concrete,guaranteed,unlikely,probably
bench,hole,wooden,guaranteed,probably,probably
bench,hole,hard,guaranteed,probably,probably
bookcase,shelf,empty,guaranteed,guaranteed,guaranteed
bookcase,shelf,white,probably,probably,probably
bookcase,shelf,wooden,probably,guaranteed,guaranteed
bookcase,shelf,old,probably,guaranteed,guaranteed
bookcase,shelf,tall,probably,unrelated,guaranteed
bookcase,shelf,revolving,unrelated,guaranteed,unlikely
bookcase,shelf,low,probably,unrelated,probably
dog,shadow,white,impossible,impossible,impossible
dog,shadow,old,unrelated,guaranteed,impossible
dog,shadow,shaggy,guaranteed,pjj-nonsense,guaranteed
dog,shadow,sweet,unrelated,impossible,unrelated
dog,shadow,mad,unrelated,pjj-nonsense,impossible
dog,shadow,dead,unrelated,pjj-nonsense,impossible
bed,rail,warm,unrelated,unrelated,unlikely
bed,rail,wooden,probably,probably,guaranteed
bed,rail,dry,probably,unrelated,guaranteed
bed,rail,narrow,probably,guaranteed,probably
letter,part,long,probably,unrelated,unrelated
letter,part,circular,unrelated,unrelated,unlikely
letter,part,private,pjj-nonsense,guaranteed,pjj-nonsense
letter,part,blue,guaranteed,unrelated,guaranteed
letter,part,asian,unrelated,guaranteed,impossible
train,cargo,long,guaranteed,probably,probably
train,cargo,regular,guaranteed,pjj-nonsense,pjj-nonsense
counter,cabinet,electronic,guaranteed,unrelated,unrelated
counter,cabinet,long,probably,unrelated,guaranteed
counter,cabinet,clean,guaranteed,probably,probably
counter,cabinet,wooden,guaranteed,probably,guaranteed
counter,cabinet,black,probably,unrelated,probably
man,spectacle,poor,pjj-nonsense,unrelated,pjj-nonsense
snow,line,high,unrelated,unrelated,probably
snow,line,white,probably,guaranteed,guaranteed
snow,line,tall,unrelated,unrelated,probably
snow,line,deep,probably,probably,probably
snow,line,dirty,probably,guaranteed,guaranteed
snow,line,heavy,probably,unrelated,unlikely
snow,line,fresh,probably,probably,guaranteed
snow,line,perpetual,probably,pjj-nonsense,unrelated
table,spot,above,probably,guaranteed,guaranteed
table,spot,long,unrelated,unrelated,unrelated
table,spot,white,unlikely,unrelated,unrelated
truck,emblem,white,impossible,unrelated,unlikely
truck,emblem,old,probably,guaranteed,probably
paper,lettering,brown,unlikely,impossible,unlikely
paper,lettering,printed,probably,guaranteed,guaranteed
paper,lettering,free,guaranteed,pjj-nonsense,guaranteed
sofa,leg,white,unrelated,probably,unrelated
sofa,leg,long,unrelated,unlikely,unrelated
sofa,leg,old,guaranteed,guaranteed,probably
shirt,pattern,clean,guaranteed,guaranteed,probably
shirt,pattern,white,unlikely,unrelated,unrelated
fence,opening,white,guaranteed,unrelated,impossible
fence,opening,high,guaranteed,probably,unrelated
fence,opening,low,guaranteed,probably,unrelated
frisbee,writing,red,unlikely,unlikely,unlikely
car,glass,white,impossible,unlikely,unrelated
car,glass,private,guaranteed,pjj-nonsense,guaranteed
car,glass,old,probably,probably,probably
car,glass,silver,unlikely,unlikely,impossible
car,glass,open,unrelated,probably,unrelated
car,glass,used,guaranteed,guaranteed,probably
girl,cap,poor,unrelated,unrelated,pjj-nonsense
girl,cap,old,unrelated,unrelated,unrelated
girl,cap,beautiful,unrelated,unrelated,probably
girl,cap,pretty,unrelated,unrelated,probably
cow,shadow,white,impossible,impossible,impossible
cow,shadow,old,unrelated,unrelated,impossible
cow,shadow,dead,unrelated,guaranteed,impossible
train,lettering,regular,unrelated,guaranteed,unrelated
train,lettering,silver,unrelated,unlikely,unrelated
train,lettering,red,unrelated,unlikely,unrelated
motorcycle,shield,old,probably,probably,unrelated
motorcycle,shield,red,unrelated,impossible,unlikely
motorcycle,shield,indian,unrelated,probably,probably
bike,plate,stationary,guaranteed,guaranteed,guaranteed
bike,plate,old,unrelated,unrelated,probably
bike,plate,silver,unrelated,unrelated,unlikely
bike,plate,red,unrelated,unlikely,unlikely
bike,plate,used,guaranteed,unrelated,unrelated
finger,fingernail,long,guaranteed,unrelated,unrelated
finger,fingernail,pointed,guaranteed,unrelated,guaranteed
finger,fingernail,human,unrelated,guaranteed,guaranteed
bus,lettering,colorful,probably,probably,unlikely
bus,lettering,public,probably,guaranteed,guaranteed
bus,lettering,yellow,unrelated,unrelated,unlikely
bus,lettering,old,probably,guaranteed,probably
zebra,mouth,true,guaranteed,guaranteed,pjj-nonsense
zebra,mouth,brown,unrelated,unrelated,probably
zebra,mouth,young,guaranteed,guaranteed,guaranteed
zebra,mouth,dead,guaranteed,guaranteed,guaranteed
zebra,mouth,female,guaranteed,guaranteed,unrelated
carrot,leaf,raw,guaranteed,guaranteed,probably
carrot,leaf,orange,unrelated,impossible,impossible
carrot,leaf,thin,unrelated,probably,impossible
horse,leg,blue,probably,probably,guaranteed
horse,leg,old,guaranteed,guaranteed,guaranteed
horse,leg,hooked,unrelated,pjj-nonsense,wjj-nonsense
horse,leg,dead,guaranteed,guaranteed,guaranteed
adult,foot,human,guaranteed,guaranteed,guaranteed
adult,foot,healthy,probably,guaranteed,guaranteed
adult,foot,mature,guaranteed,guaranteed,guaranteed
adult,foot,young,guaranteed,guaranteed,guaranteed
man,drink,poor,unrelated,unrelated,unrelated
boy,bang,nice,unrelated,unrelated,pjj-nonsense
cow,horn,white,unrelated,unlikely,unrelated
cow,horn,old,guaranteed,guaranteed,pjj-nonsense
cow,horn,dead,guaranteed,impossible,guaranteed
button,part,white,unrelated,guaranteed,probably
button,part,delete,unrelated,guaranteed,pjj-nonsense
button,part,round,guaranteed,guaranteed,unlikely
shirt,blue,clean,guaranteed,guaranteed,probably
shirt,blue,white,unrelated,probably,impossible
pillow,print,soft,unrelated,probably,unrelated
pillow,print,white,unlikely,unrelated,unrelated
pillow,print,hard,unrelated,probably,guaranteed
pillow,print,striped,guaranteed,unrelated,unrelated
plant,stem,old,guaranteed,guaranteed,guaranteed
plant,stem,green,guaranteed,probably,guaranteed
plant,stem,young,guaranteed,guaranteed,guaranteed
fire hydrant,hole,white,probably,guaranteed,unrelated
fire hydrant,hole,open,probably,unrelated,unrelated
fire hydrant,hole,broken,probably,unrelated,unrelated
cake,icing,sweet,probably,guaranteed,probably
truck,crane,white,unrelated,unrelated,unrelated
truck,crane,old,probably,unrelated,guaranteed
man,flag,poor,unrelated,unrelated,unrelated
hummingbird,beak,green,unlikely,unrelated,unlikely
hummingbird,beak,tiny,guaranteed,guaranteed,guaranteed
hummingbird,beak,giant,probably,guaranteed,unlikely
aircraft,tail,commercial,guaranteed,guaranteed,guaranteed
aircraft,tail,white,guaranteed,unrelated,probably
aircraft,tail,german,guaranteed,guaranteed,guaranteed
aircraft,tail,light,guaranteed,probably,probably
boat,rope,white,unrelated,unrelated,unlikely
boat,rope,old,unrelated,unrelated,unrelated
boat,rope,tiny,unrelated,unrelated,probably
lake,edge,shallow,guaranteed,guaranteed,probably
lake,edge,beautiful,unrelated,probably,probably
lake,edge,green,pjj-nonsense,probably,probably
lake,edge,frozen,guaranteed,guaranteed,guaranteed
person,hood,human,unrelated,impossible,impossible
head,part,fuzzy,guaranteed,unrelated,probably
head,part,dark,probably,probably,unrelated
head,part,humeral,probably,unrelated,pjj-nonsense
storefront,door,electronic,unrelated,probably,probably
storefront,door,empty,unrelated,guaranteed,probably
storefront,door,illuminated,guaranteed,guaranteed,probably
storefront,door,white,unrelated,unrelated,probably
storefront,door,old,guaranteed,unrelated,probably
storefront,door,virtual,unrelated,guaranteed,guaranteed
animal,nose,human,unrelated,wjj-nonsense,guaranteed
animal,nose,stuffed,guaranteed,unrelated,guaranteed
animal,nose,wild,guaranteed,guaranteed,guaranteed
animal,nose,furry,unlikely,probably,unrelated
animal,nose,poor,unrelated,pjj-nonsense,guaranteed
animal,nose,brown,unrelated,probably,unrelated
animal,nose,young,guaranteed,guaranteed,guaranteed
plane,door,white,guaranteed,unrelated,probably
plane,door,vertical,impossible,probably,guaranteed
plane,door,horizontal,impossible,probably,guaranteed
bus,logo,old,probably,probably,probably
bus,logo,black,impossible,unlikely,unlikely
engine,roof,old,probably,guaranteed,probably
engine,roof,internal,impossible,impossible,impossible
engine,roof,yellow,unrelated,unrelated,unrelated
boy,bracelet,nice,unrelated,unrelated,unrelated
boy,bracelet,dear,unrelated,unrelated,pjj-nonsense
jockey,helmet,english,unrelated,unrelated,unrelated
jockey,helmet,famous,unrelated,impossible,unrelated
jockey,helmet,yellow,unrelated,unrelated,unrelated
duck,beak,white,unrelated,unlikely,unlikely
cake,decoration,national,guaranteed,pjj-nonsense,unrelated
cake,decoration,square,unrelated,probably,unrelated
cow,nose,white,unlikely,unrelated,probably
cow,nose,old,guaranteed,guaranteed,guaranteed
cow,nose,dead,guaranteed,guaranteed,guaranteed
fire hydrant,rust,residual,guaranteed,guaranteed,wjj-nonsense
fire hydrant,rust,red,impossible,unrelated,unrelated
he,coat,brown,unrelated,unrelated,unrelated
man,paper,poor,unrelated,probably,unrelated
person,clothes,human,impossible,impossible,guaranteed
tennis player,ear,poor,unrelated,pjj-nonsense,unrelated
tennis player,ear,professional,unrelated,unrelated,impossible
bear,neck,white,guaranteed,probably,unrelated
bear,neck,stuffed,guaranteed,guaranteed,guaranteed
bench,leg,wooden,unrelated,probably,unrelated
bench,leg,long,unrelated,unrelated,unrelated
bench,leg,hard,guaranteed,guaranteed,guaranteed
bridge,support,long,unrelated,guaranteed,unrelated
bridge,support,white,unrelated,probably,probably
bridge,support,wooden,unrelated,probably,unlikely
bridge,support,metal,probably,probably,probably
bridge,support,old,guaranteed,probably,probably
bridge,support,nasal,pjj-nonsense,pjj-nonsense,wjj-nonsense
bridge,support,narrow,unrelated,probably,unrelated
crust,bubble,thick,probably,probably,unrelated
crust,bubble,golden,probably,guaranteed,unrelated
crust,bubble,thin,probably,probably,guaranteed
crust,bubble,hard,probably,probably,guaranteed
girl,kite,poor,unrelated,pjj-nonsense,unrelated
girl,kite,old,unrelated,unrelated,unrelated
girl,kite,beautiful,unrelated,unrelated,unrelated
girl,kite,pretty,unrelated,unrelated,unrelated
black cat,eye,white,unrelated,impossible,unrelated
black cat,eye,old,guaranteed,guaranteed,guaranteed
road,curb,empty,unrelated,probably,unrelated
road,curb,long,probably,guaranteed,guaranteed
road,curb,old,probably,guaranteed,guaranteed
road,curb,narrow,unrelated,unrelated,unrelated
kid,jean,white,unrelated,unrelated,unrelated
kid,jean,poor,unrelated,probably,pjj-nonsense
kid,jean,young,probably,probably,pjj-nonsense
guy,cap,old,unrelated,unrelated,unrelated
guy,cap,bald,unrelated,unrelated,impossible
guy,cap,nice,unrelated,unrelated,unrelated
guy,cap,poor,unrelated,unrelated,probably
guy,cap,young,unrelated,unrelated,unrelated
scissors,grip,giant,probably,guaranteed,probably
scissors,grip,sharp,impossible,unrelated,impossible
scissors,grip,fine,unrelated,wjj-nonsense,unrelated
scissors,grip,curved,probably,unrelated,unrelated
field,player,empty,impossible,pjj-nonsense,pjj-nonsense
field,player,external,guaranteed,impossible,guaranteed
field,player,open,guaranteed,pjj-nonsense,pjj-nonsense
giraffe,eye,brown,unrelated,probably,unrelated
giraffe,eye,tall,unrelated,unrelated,unlikely
giraffe,eye,young,guaranteed,guaranteed,guaranteed
sidewalk,brick,wide,guaranteed,unrelated,unlikely
sidewalk,brick,concrete,guaranteed,guaranteed,guaranteed
sidewalk,brick,white,guaranteed,guaranteed,guaranteed
sidewalk,brick,wooden,unrelated,impossible,unlikely
sidewalk,brick,narrow,guaranteed,unrelated,unrelated
person,thigh,responsible,guaranteed,unrelated,impossible
person,thigh,human,guaranteed,guaranteed,guaranteed
bed,foot,dry,pjj-nonsense,probably,probably
bed,foot,warm,unrelated,unlikely,probably
bed,foot,wooden,guaranteed,unrelated,probably
bed,foot,comfortable,unrelated,unrelated,probably
bed,foot,narrow,unrelated,guaranteed,guaranteed
thumb,fingernail,human,probably,unrelated,guaranteed
thumb,fingernail,red,unrelated,unlikely,unlikely
mixer,bowl,static,unrelated,probably,unrelated
mixer,bowl,white,unrelated,unlikely,unrelated
truck,door,white,probably,probably,guaranteed
truck,door,old,guaranteed,probably,guaranteed
truck,door,open,guaranteed,unrelated,probably
suv,plate,white,unrelated,unrelated,unrelated
suv,plate,long,unlikely,unrelated,unrelated
cage,door,golden,probably,probably,probably
cage,door,wooden,guaranteed,unrelated,unrelated
cage,door,metal,guaranteed,probably,probably
cage,door,gilded,guaranteed,probably,unrelated
cage,door,open,guaranteed,guaranteed,guaranteed
tree,root,hollow,probably,unlikely,unrelated
tree,root,old,guaranteed,guaranteed,guaranteed
tree,root,green,guaranteed,unlikely,unrelated
glass,straw,empty,unrelated,probably,guaranteed
glass,straw,colored,unrelated,unrelated,unrelated
glass,straw,broken,unrelated,unrelated,unlikely
glass,straw,used,probably,probably,probably
glass,straw,clear,unrelated,unrelated,guaranteed
surfboard,sticker,white,unrelated,unrelated,unlikely
surfboard,sticker,old,probably,unrelated,probably
orange,navel,deep,unrelated,unrelated,guaranteed
boat,person,tiny,unrelated,unrelated,unrelated
boat,person,white,unrelated,unrelated,unrelated
boat,person,wooden,impossible,impossible,impossible
boat,person,old,unrelated,unrelated,unrelated
boat,person,open,pjj-nonsense,guaranteed,pjj-nonsense
man,sandwich,poor,unrelated,unrelated,impossible
lighthouse,door,distant,guaranteed,guaranteed,guaranteed
lighthouse,door,white,unrelated,unrelated,unrelated
lighthouse,door,famous,guaranteed,guaranteed,guaranteed
lighthouse,door,old,probably,guaranteed,unrelated
lighthouse,door,tall,unrelated,unrelated,unrelated
floor,pattern,bare,unrelated,unrelated,unrelated
floor,pattern,concrete,unrelated,guaranteed,probably
floor,pattern,wooden,unrelated,guaranteed,probably
floor,pattern,pelvic,wjj-nonsense,wjj-nonsense,pjj-nonsense
floor,pattern,grey,unrelated,unrelated,probably
computer monitor,screen,active,guaranteed,probably,guaranteed
computer monitor,screen,off,guaranteed,guaranteed,guaranteed
computer monitor,screen,external,guaranteed,probably,guaranteed
computer monitor,screen,flat,guaranteed,guaranteed,guaranteed
computer monitor,screen,grey,unrelated,unrelated,unlikely
floor,edge,bare,unrelated,probably,guaranteed
floor,edge,concrete,probably,probably,guaranteed
floor,edge,wooden,probably,probably,guaranteed
floor,edge,polished,probably,unlikely,guaranteed
floor,edge,grey,unrelated,probably,probably
roof,tile,flat,unrelated,guaranteed,unrelated
roof,tile,green,probably,probably,guaranteed
roof,tile,decorative,probably,guaranteed,guaranteed
rack,towel,black,unrelated,unrelated,unlikely
refrigerator,dispenser,open,unrelated,unrelated,unlikely
refrigerator,dispenser,mechanical,guaranteed,guaranteed,guaranteed
teddy bear,tie,white,unrelated,unlikely,unrelated
polar bear,fur,white,guaranteed,guaranteed,guaranteed
polar bear,fur,tall,guaranteed,unrelated,unlikely
child,shoe,poor,unrelated,unrelated,unrelated
child,shoe,dear,unrelated,unrelated,pjj-nonsense
airplane,propeller,conventional,guaranteed,probably,guaranteed
building,sign,fine,unrelated,pjj-nonsense,probably
building,sign,old,probably,probably,probably
building,sign,tall,unrelated,probably,unrelated
building,sign,original,unrelated,unrelated,unrelated
building,sign,brown,unrelated,unrelated,unlikely
building,sign,public,guaranteed,guaranteed,guaranteed
squirrel,nose,white,probably,unrelated,unrelated
squirrel,nose,young,guaranteed,guaranteed,guaranteed
catcher,pant,old,unrelated,unrelated,unrelated
catcher,pant,regular,guaranteed,unrelated,wjj-nonsense
bus,windshield,black,unrelated,unrelated,impossible
surfboard,symbol,short,unrelated,guaranteed,unrelated
surfboard,symbol,giant,unrelated,guaranteed,unrelated
surfboard,symbol,white,unrelated,unrelated,unlikely
surfboard,symbol,old,probably,probably,probably
surfboard,symbol,miniature,unrelated,probably,unrelated
surfboard,symbol,regular,pjj-nonsense,guaranteed,unrelated
apple,end,rotten,probably,guaranteed,probably
apple,end,golden,probably,guaranteed,probably
apple,end,liquid,guaranteed,guaranteed,probably
apple,end,fresh,guaranteed,guaranteed,probably
apple,end,green,probably,guaranteed,probably
aircraft,window,white,impossible,unlikely,impossible
aircraft,window,american,guaranteed,guaranteed,unrelated
aircraft,window,german,guaranteed,guaranteed,unrelated
aircraft,window,light,unrelated,probably,unrelated
wave,splash,huge,guaranteed,guaranteed,guaranteed
wave,splash,white,unrelated,unlikely,unrelated
fence,pole,high,guaranteed,guaranteed,guaranteed
fence,pole,white,unrelated,unrelated,probably
fence,pole,metal,probably,guaranteed,probably
fence,pole,wooden,probably,probably,probably
fence,pole,barbed,unlikely,unrelated,unrelated
fence,pole,low,guaranteed,guaranteed,probably
racket,head,awful,probably,probably,guaranteed
racket,head,terrible,probably,probably,guaranteed
racket,head,infernal,probably,probably,pjj-nonsense
racket,head,held,unlikely,unlikely,unrelated
racket,head,tremendous,probably,guaranteed,guaranteed
racket,head,red,probably,probably,unrelated
racket,head,terrific,probably,guaranteed,guaranteed
dog,blanket,white,unrelated,unrelated,unrelated
dog,blanket,shaggy,unrelated,unrelated,unrelated
dog,blanket,old,unrelated,unrelated,unrelated
girl,hair,poor,unrelated,unrelated,pjj-nonsense
girl,hair,old,guaranteed,guaranteed,guaranteed
girl,hair,beautiful,probably,unrelated,probably
girl,hair,pretty,unrelated,unrelated,probably
bicycle,frame,old,probably,guaranteed,guaranteed
bicycle,frame,white,probably,probably,guaranteed
bicycle,frame,stationary,guaranteed,guaranteed,guaranteed
bicycle,frame,high,guaranteed,guaranteed,guaranteed
refrigerator,door,white,probably,guaranteed,probably
refrigerator,door,old,guaranteed,guaranteed,probably
refrigerator,door,tall,guaranteed,guaranteed,probably
refrigerator,door,mechanical,unrelated,probably,wjj-nonsense
refrigerator,door,domestic,guaranteed,guaranteed,guaranteed
refrigerator,door,open,guaranteed,guaranteed,guaranteed
girl,skirt,old,unrelated,unrelated,unrelated
girl,skirt,beautiful,unrelated,unrelated,unrelated
girl,skirt,pretty,unrelated,unrelated,unrelated
car,edge,white,guaranteed,probably,probably
car,edge,private,guaranteed,guaranteed,guaranteed
car,edge,old,guaranteed,guaranteed,guaranteed
car,edge,silver,guaranteed,guaranteed,probably
car,edge,open,unlikely,impossible,unlikely
car,edge,used,guaranteed,guaranteed,guaranteed
sand,track,dry,probably,guaranteed,guaranteed
sand,track,white,probably,guaranteed,guaranteed
sand,track,fine,probably,guaranteed,guaranteed
sand,track,wet,probably,guaranteed,guaranteed
sand,track,dirty,guaranteed,guaranteed,probably
giraffe,bump,brown,guaranteed,probably,probably
plane,turbine,vertical,guaranteed,guaranteed,guaranteed
plane,turbine,horizontal,guaranteed,guaranteed,guaranteed
horse,sock,old,unlikely,guaranteed,guaranteed
horse,sock,black,unlikely,unrelated,unrelated
saddle,stirrup,empty,guaranteed,guaranteed,guaranteed
saddle,stirrup,old,guaranteed,guaranteed,probably
saddle,stirrup,high,guaranteed,guaranteed,guaranteed
girl,lip,poor,unrelated,unrelated,pjj-nonsense
girl,lip,old,guaranteed,guaranteed,guaranteed
girl,lip,beautiful,probably,unrelated,probably
girl,lip,pretty,probably,unrelated,probably
bread,meat,sliced,unrelated,unrelated,probably
bread,meat,fresh,unrelated,unrelated,unrelated
bread,meat,round,unrelated,unrelated,unlikely
fire hydrant,bottom,white,unrelated,probably,probably
fire hydrant,bottom,public,guaranteed,guaranteed,guaranteed
fire hydrant,bottom,open,impossible,probably,unlikely
fire hydrant,bottom,broken,unrelated,unrelated,unrelated
can,utensil,old,unrelated,unrelated,unrelated
can,utensil,latter,pjj-nonsense,pjj-nonsense,wjj-nonsense
bus,trim,colorful,probably,guaranteed,probably
bus,trim,old,probably,unrelated,probably
bus,trim,yellow,unrelated,unlikely,unrelated
bus,trim,external,unrelated,guaranteed,guaranteed
sand,pebble,dry,guaranteed,probably,unrelated
sand,pebble,coarse,unrelated,probably,probably
sand,pebble,white,unrelated,probably,probably
sand,pebble,fine,unrelated,probably,unrelated
sand,pebble,wet,guaranteed,probably,probably
oven,control,black,probably,unrelated,unrelated
oven,control,moderate,unrelated,guaranteed,guaranteed
oven,control,slow,unrelated,unrelated,unrelated
wallpaper,stripe,gold,unrelated,probably
wallpaper,stripe,blue,unrelated,probably
wallpaper,stripe,old,guaranteed,guaranteed
wallpaper,stripe,tan,unrelated,probably
child,arm,poor,pjj-nonsense,pjj-nonsense,pjj-nonsense
child,arm,young,guaranteed,guaranteed,guaranteed
child,arm,dear,unrelated,pjj-nonsense,pjj-nonsense
train,number,long,impossible,unrelated,unlikely
train,number,electric,impossible,unrelated,impossible
train,number,red,unrelated,unrelated,unlikely
train,number,slow,guaranteed,unrelated,impossible
train,number,regular,unrelated,pjj-nonsense,probably
background,people,ethnic,unrelated,probably,unrelated
background,people,educational,unrelated,probably,unrelated
background,people,cultural,unrelated,unrelated,unrelated
background,people,white,unrelated,unrelated,unrelated
background,people,social,unrelated,probably,unrelated
background,people,historical,unrelated,unlikely,unrelated
boat,keel,white,guaranteed,probably,probably
boat,keel,old,guaranteed,probably,guaranteed
boat,keel,wooden,guaranteed,guaranteed,guaranteed
kitten,ear,newborn,guaranteed,guaranteed,guaranteed
kitten,ear,white,probably,probably,probably
kitten,ear,young,guaranteed,guaranteed,guaranteed
kitten,ear,tiny,guaranteed,guaranteed,guaranteed
racket,white,tremendous,unrelated,impossible,unrelated
racket,white,red,probably,impossible,unrelated
man,stomach,poor,pjj-nonsense,unrelated,unrelated
fire truck,ladder,old,probably,probably,probably
fire truck,ladder,open,unrelated,unrelated,unrelated
fire truck,ladder,red,probably,unrelated,unlikely
statue,trunk,greek,guaranteed,guaranteed,guaranteed
statue,trunk,armless,unrelated,impossible,unrelated
statue,trunk,beautiful,guaranteed,guaranteed,probably
statue,trunk,colossal,guaranteed,guaranteed,probably
foot,toe,brown,unrelated,probably,guaranteed
foot,toe,high,guaranteed,guaranteed,probably
hoodie,pocket,red,guaranteed,guaranteed,probably
